main_sku,master_sku,name,тип,barcode,barcodes,является_основным,основной_sku,дубли,компоненты_count,компоненты,входит_в_комплекты
105831949_533599386,118579472,Round Lab крем Pine Calming Cica для лица 50 мл,Товар,,,да,,,0,,116643914_219022842
105073349_558522323,105073349,Eveline Cosmetics Wonder Match тональный крем 35 Beige 30 мл,Товар,,,да,,,0,,
105011479_15142052,105011479,Eveline Cosmetics Wonder Match тональный крем 25 Light Beige 30 мл,Товар,5903416030409,5903416030409,да,,,0,,
103655273_15142052,101256409,Some by Mi сыворотка Super Matcha Pore Tightening Serum для лица 50 мл,Товар,,,да,,,0,,
114097287_263052925,114097287,Tashe Питательный кондиционер для волос с ультра блеском 300 мл,Товар,4812413000913,4812413000913,да,,153379627_562254666,0,,"151080381_674955211,112626222_182336133,114344103_804034449"
101181138_101405386,101181138,Etude Soon Jung pH 5.5 пенка 150 мл,Товар,8809820696637,8809820696637,да,,,0,,115250020_625562029
505548447,116881988,1Kids Йода-Line Детская каша 1 шт 280 мл,Товар,,,да,,,0,,"100184938,569204473,219401666,217710861"
100184938,116881997,1Kids Йода-Line Детская каша 2 шт 280 мл,Товар,,,да,,,1,505548447|1Kids Йода-Line Детская каша 1 шт 280 мл|2.0,
112798695_278813825,112798695,Torriden Dive-In Low Molecular пенка 150 мл,Товар,8809784600404,8809784600404,да,,,0,,
109021923_447204937,109021923,ORVA Terkur 19% крем для ног 30 г,Товар,,,да,,,0,,
118331746_966130543,118331746,Sen Sulu Shimmering блеск для губ прозрачный 01 Ice,Товар,8682504114654,8682504114654,да,,,0,,
100825018_916938,100825018,Lumene Color Correcting SPF20 СС крем Ultra Light 30 мл,Товар,6412600834901,6412600834901,да,,,0,,
123486376_136600974,123486376,Tocobo Cica Calming энзимная пудра 50 г,Товар,8809835060607,8809835060607,да,,,0,,
113564064_378186190,113564064,Bielita-Вiтекс скраб Pink Passion для тела 200 мл,Товар,4813406012128,4813406012128,да,,,0,,"122434668_679154651,121711505_310510652,122564762_175568691,117773681_567082235,132878976_025444423,122243140_331008490"
114910624_519597,114910624,Anua сыворотка Green Lemon Vita C 20% для лица 20 мл,Товар,,,да,,,0,,
110658859_754891306,110658859,Some by Mi тонер Beta Panthenol Repair Toner 150 мл,Товар,8809647392750,8809647392750,да,,,0,,
110542797_142079,110542797,MEDI-PEEL крем Hyal Kombucha Tea-Tox для лица 50 мл,Товар,,,да,,,0,,
100155533_674816,100155533,Cali Girl тени Hollywood Medium/Dark,Товар,712758189158,712758189158,да,,,0,,
108133175_145507261,108133175,Celimax Ji Woo Gae Cica BHA Acne пенка 150 мл,Товар,8809783324097,8809783324097,да,,,0,,
108384966_186621566,108384966,Shiseido маска Fino Premium Touch восстановление и увлажнение с пчелиным маточным молочком 230 мл,Товар,4550516493583,4550516493583,да,,,0,,
100113769_15142052,100113769,MEDI-PEEL крем Collagen Naite Thread Neck для зоны декольте 100 мл,Товар,8809941825688,8809941825688,да,,,0,,
124456148_212132038,124456148,Tashe кондиционер Rosemary lush 300 мл,Товар,4812413006687,4812413006687,да,,,0,,
103323801_498972904,103323801,ITALWAX Белый шоколад средний пленочный воск 100 г,Товар,8052532724918,8052532724918,да,,,0,,
124523514_798920732,124523514,MIZON Phyto Plump Collagen набор по уходу за лицом для женщин,Товар,,,да,,,0,,
100729116_559874,100729116,CJ LION Ban Premium дезодорант для женщин 30 мл,Товар,4903301188711,4903301188711,да,,,0,,
142747053_988303731,142747053,Sen Sulu Lip блеск для губ 03 caramel souffle,Товар,8683077752908,8683077752908,да,,,0,,
100423176_512837,100423176,Farmstay сыворотка All-In-One Green Tea Seed Ampoule для лица 250 мл,Товар,,,да,,,0,,
100665801_15142052,100665801,A'pieu Pure Block Aqua Sun Gel SPF50 гель для тела и лица 50 мл,Товар,,,да,,,0,,
142742969_989655861,142742969,Sen Sulu Kiss sculpt карандаш 04 cinnamon spice,Товар,8694752189583,8694752189583,да,,,0,,
112607931_710538799,112607931,Clinique Almost Lipstick помада Black Honey,Товар,,,да,,,0,,
102569784_365859930,102569784,MEDI-PEEL Micro Tea энзимная пудра 70 г,Товар,8809409347776,8809409347776,да,,,0,,
100206541_533768,100206541,"Тушь для ресниц Shik Extra Volume Eyelash для объема, удлиняющая, подкручивающая черный",Товар,,,да,,,0,,
134659950_098356430,134659950,Sen Sulu Concealer консилер 03 natural beige,Товар,8682504115118,8682504115118,да,,,0,,
106118908_844711806,106118908,Ollin Professional Salon Beauty с экстрактом ламинарии шампунь 1000 мл,Товар,4660077773168,4660077773168,да,,,0,,129331227_181783625
101844355_15142052,101844355,Pyunkang Yul крем Acne для лица 50 мл,Товар,,,да,,,0,,
101810014_15142052,101810014,Dr.Ceuracle крем Cica Regen Vegan SPF50 для лица 50 мл,Товар,8806133616659,8806133616659,да,,"122083028_805138076,131147329_121432979,134393431_730065027,133228277_096661453",0,,"119121546_832239440,786853134,109745391_832819,109744613_667725,104338160_970515"
104464180_689076,104464180,Isntree гель Hyaluronic Acid Watery SPF50 для лица 50 мл,Товар,8809686384204,8809686384204,да,,"137036322_077378064,105212827_743198",0,,
112626111_447535458,112626111,The Act скраб полирующий с отшелушивающим действием для лица 65 мл,Товар,4678599767572,4678599767572,да,,,0,,
17500777_846584289,17500777,Holika Holika Petit BB крем Bouncing 30 мл,Товар,,,да,,,0,,
100368434_186437,100368434,Патчи COSRX точечные Acne Pimple Master противовоспалительные 24 шт,Товар,8809416470245,8809416470245,да,,,0,,112617459_008063846
122386562_090827809,122386562,The Act спрей мист для лица увлажняющий 150 мл,Товар,4678597699905,4678597699905,да,,,0,,
103029462_582356,103029462,ART SOFFIO карандаш koloris classic KL-5-01 для глаз черный,Товар,2100000000104,2100000000104,да,,,0,,
100703395_472376417,100703395,Black Rice тонер Intensive 150 мл,Товар,,,да,,,0,,
105599599_370832348,105599599,Loreal Paris подводка-фломастер черный Perfect Slim №01 Black,Товар,,,да,,,0,,
105263927_272540,105263927,"Round Lab крем Birch Juice Moisturizing SPF50 для лица, для зоны декольте 50 мл",Товар,8809782551814,8809782551814,да,,,0,,"117210045_985906823,116643914_219022842,117524727_243310155,119299764_343767472,117942762_606189523"
101389471_269646,101389471,Beauty of Joseon сыворотка Glow Propolis Niacinamide для лица 30 мл,Товар,,,да,,,0,,"115677322_604449,115841574_239537"
135002756_199633916,135002756,Kaori No Mori шампунь 500 мл,Товар,4557855643228,4557855643228,да,,,0,,
100554917_957633,100554917,Loreal Paris Alliance Perfect Новая формула тональный крем N2 30 мл,Товар,3600523016600,3600523016600,да,,,0,,
106595621_631320741,106595621,Пудра Beauty Creations Bye Filter Loose Setting Powder рассыпчатая Translucent полупрозрачный,Товар,,,да,,,0,,
164661576_546039255,164661576,Pom7 Smart Hybrid BB крем 23 30 мл,Товар,,,нет,167445559_643692032,,0,,
106713183_982754,106713183,BEAUTY PROFF спонж скошенный таклон 1 шт,Товар,,,нет,107738686_939203,,0,,
103058738_15142052,103058738,MANYO тонер Bifida Biome Ampoule 400 мл,Товар,,,да,,101041733_15142052,0,,
101724518_890202221,101724518,Воск ITALWAX Натуральный плотность средняя в картридже 100 мл,Товар,,,да,,,0,,116768471_008857175
132233397_616833669,132233397,AXIS-Y Glow Your Own Way Limited Edition Set набор по уходу за лицом унисекс,Товар,8809634610997,8809634610997,да,,,0,,
100206639_027704065,100206639,Shik Lip Pencil карандаш Bellagio,Товар,4631141139159,4631141139159,да,,,0,,
108286551_511672379,108286551,Skin1004 Madagascar Centella Tea Trica BHA пенка 125 мл,Товар,8809576261714,8809576261714,да,,,0,,
108967160_264713,108967160,Tocobo крем Bio Hyaluronic Acid Watery SPF50 для лица 50 мл,Товар,8809835060058,8809835060058,да,,,0,,
104770477_15142052,104770477,Round Lab тонер 1025 Dokdo 200 мл,Товар,8809657114731,8809657114731,да,,"141361000_454975913,142837769_527282001",0,,
118680247_392990017,118680247,PRE MORE Aqua Glow Sun Base SPF50 основа под макияж для лица 50 мл,Товар,,,да,,,0,,
114700466_590521,114700466,Тушь для ресниц Vivienne Sabo Lashextase для объема черный,Товар,3666670811208,3666670811208,да,,,0,,
113440366_897538,113440366,"Тушь для ресниц Vivienne Sabo Grand Noire для объема, удлиняющая черный",Товар,3666670811215,3666670811215,да,,,0,,
100904399_952345,100904399,Farmstay Tropical Fruit с авокадо и маслом ши крем для рук 50 мл,Товар,,,да,,,0,,
104887944_355787292,104887944,Celimax тонер The Real Noni Moisture Balancing Toner 150 мл,Товар,8809954940132,8809954940132,да,,144174580_606880954,0,,
115753221_804610002,115753221,The Act Масло для массажа тела парфюмированное virgin масло для тела 300 мл,Товар,4678599767664,4678599767664,да,,,0,,"129087331_069017972,129083852_559821810"
110227980_542094,110227980,LAGOM Haydonna Summer Night Box набор по уходу за лицом для женщин,Товар,,,да,,,3,114327892_849360|LAGOM Cellup micro пенка 120 мл|1.0; 116840802_191970522|LAGOM крем Cellus Sun Gel Plus SPF 50+ PA+++ для лица 40 мл|1.0; 105126288|LAGOM сыворотка Cellus Aqualane Solution для лица 50 мл|1.0,
166630424_756458464,166630424,Pom7 Smart Hybrid BB крем 23 45 мл,Товар,,,нет,167445559_643692032,,0,,
21900313_830391,21900313,TONY MOLY Clean Dew Lemon пенка 180 мл,Товар,8806358531218,8806358531218,да,,,0,,
21900533_802627,101370495,Farmstay Green Tea Seed пенка 180 мл,Товар,,,да,,,0,,
101376861_229701,101376861,COSRX Advanced Snail Mucin гель 150 мл,Товар,,,да,,,0,,
113513759_936607309,113513759,Romand Zero Matte Lipstick помада 14 Sweet P,Товар,,,да,,,0,,
100665958_051986586,100665958,Black Rice сыворотка Black Rice Intensive для лица 50 мл,Товар,8809480655432,8809480655432,да,,,0,,
130381357_059587095,130381357,The Act крем-гель увлажняющий для лица 65 мл,Товар,4678597699516,4678597699516,да,,,0,,
114802007_623646962,114802007,BIDALLI сыворотка Vegan Hyaluronic Pure Cica для лица 50 мл,Товар,8809443285645,8809443285645,да,,,0,,"119298346_887098308,122460835_990166654,119189847_119788968"
100644616_595447,100644616,Tony Moly Backstage Gel Eyeliner,Товар,8806358512347,8806358512347,да,,,0,,
100552565_144438137,100552565,Маска для лица EKEL тканевая Vitamin Ultra Hydrating 1 шт,Товар,,,да,,,0,,GIFT_MASK
110290344_158497961,110290344,The Act крем дневной для лица 65 мл,Товар,4678599767534,4678599767534,да,,,0,,
100554818_117795,100554818,Маска для лица Farmstay тканевая Snail 1 шт,Товар,,,да,,,0,,"102047781_181102,105118327_972657,108665217_393964,GIFT_MASK"
155105033_397737342,155105033,RoRoBell Bfadation тональный крем 19 30 мл,Товар,8800316298564,8800316298564,да,,,0,,
107623827_15142052,107623827,Dr.Cellio сыворотка Ssingssing Ampoule Fresh 4 in 1 для лица 50 мл,Товар,,,да,,,0,,116786920_608491452
124065174_275312645,124065174,Celimax крем Celimax THE -A Retinal Shot Tightening Booster 15ml для лица 15 мл,Товар,8809700320812,8809700320812,да,,,0,,139184723_666001614
101844174_15142052,101844174,Cos De BAHA G Glycolic Acid 10 Aha Serum сыворотка 30 ml,Товар,8809240317839,8809240317839,да,,,0,,
113491646_755112,113491646,Dr.Cellio 4 in 1 2Set Moisture набор по уходу за лицом для женщин,Товар,,,да,,,0,,
141984821_455258344,141984821,LAGOM Cellup Micro Pore Cleansing Oil 200ml гидрофильное масло 200 мл,Товар,8809450982773,8809450982773,да,,,0,,
100904581_868754,100904581,Sulwhasoo Gentle Cleansing пенка 200 мл,Товар,,,да,,,0,,
112522273_859480,112522273,Needly эссенция Ph Balancing для лица 145 мл,Товар,8809455421024,8809455421024,да,,,0,,
101239668_346501,101239668,Dr.Ceuracle тонер Tea Tree Purifine 70 100 мл,Товар,,,да,,,0,,
117051002_835328566,117051002,"Come inside me Bombshell духи PARFUM 7 мл, унисекс",Товар,8809783300169,8809783300169,да,,"117975879_157870937,121095252_943338157",0,,"117382773_143054845,117250372_009796355,117120929_258990580,117120989_939171953,117199007_878384693"
101590335_15142052,100950562,Dr.Ceuracle тонер 5α Control Clearing 120 мл,Товар,,,да,,,0,,117414872_378339995
105530095_999491975,105530095,Celimax Dual Barrier Mild гель-пенка 200 мл,Товар,8809606850499,8809606850499,да,,,0,,"131118389_552853494,121936672_292631276"
140943360_034375373,140943360,Sen Sulu глиттер прессованные Sparkle mood 02 Golden gleam,Товар,8682504115168,8682504115168,да,,,0,,
105530091_328572287,105530091,Celimax Noni Ultimate крем для области вокруг глаз 20 мл,Товар,8809606850666,8809606850666,да,,,0,,
114500501_186965896,114500501,Tashe Hydration and Smoozing шампунь 300 мл,Товар,4812413003112,4812413003112,да,,,0,,
102747213_503721344,102747213,Nexprof (Nexxt Professional) Lamination Keratin шампунь 1000 мл,Товар,,,да,,,0,,
114306005_288194818,114306005,Influence Matte фиксатор макияжа для лица 110 мл,Товар,4602006310921,4602006310921,да,,,0,,
102371599_847994247,102371599,KIKO Milano Lip Volume блеск для губ 01 Tutu Rose,Товар,,,да,,,0,,
131455708_622939250,131455708,The Act набор кремов дневной и ночной питательный для лица 65 мл,Товар,4630420060047,4630420060047,да,,,0,,
39000109_800444,39000109,Vivienne Sabo карандаш Brow Arcade 02 коричневый,Товар,,,да,,,0,,
103373497_976855749,103373497,Nexprof (Nexxt Professional) Keratin шампунь 1000 мл,Товар,,,да,,,0,,
101273547_311772341,101273547,Маска для лица RICHE крем Spirulina + Kombucha Detox 75 мл,Товар,4673754870142,4673754870142,да,,,0,,
102195031_369877,102195031,Пудра Gabrini Matte Powder сухая №01 светло-бежевый,Товар,,,да,,,0,,
102367259_342430869,102367259,Ollin Professional Matisse Color fuchsia краситель прямого действия 100 мл,Товар,4620753728899,4620753728899,да,,,0,,
117080104_844964389,117080104,Ora TERKUR PlUS спрей 1 шт,Товар,,,да,,,0,,
105269206_950126767,105269206,Revolution Pro тени прессованные Reloaded Iconic 3.0,Товар,,,да,,,0,,
100396850_15142052,100396850,A'pieu крем Madecassoside для лица 50 мл,Товар,8809643547499,8809643547499,да,,,0,,117210054_354195343
162964714_791934786,162964714,Тушь для ресниц Sen Sulu Тушь 01 Ink Black для объема черный,Товар,8683077752694,8683077752694,да,,,0,,
108758928_264652129,108758928,Пудра Ponds Translucent Powder рассыпчатая Blurring Filler прозрачный,Товар,8851932416320,8851932416320,да,,140637888_432064479,0,,
167445633_826959144,167445633,Pom7 Smart Hybrid BB крем 21 50 мл,Товар,8809298738785,8809298738785,нет,164661985_309018165,,0,,
117560759_926818109,117560759,The Act пудра стайлинг для укладки и объёма для волос 6 г,Товар,4678597499260,4678597499260,да,,,0,,
107970149_189359492,107970149,Influence Skinnovation Matte тональный крем 05 темный темно-бежевый 25 мл,Товар,4602006309789,4602006309789,да,,,0,,
121458370_443880297,121458370,Likato Professional Энзимная пудра LIKATO д/очищения чувствительной кожи и осветления следов постакне 150 мл энзимная пудра 150 мл,Товар,4603784468705,4603784468705,да,,"140512313_342708429,109559494_971298",0,,
100703558_15142052,100703558,The Ordinary тоник Glycolic Acid 7% Toning Solution Корея 240 мл,Товар,,,да,,"115704148_640710992,113308371_170251819",0,,117102232_058847239
106057239_740546784,106057239,Skin1004 ампульная сыворотка Madagascar Centella Tone Brightening Capsule для лица 100 мл,Товар,8809576261172,8809576261172,да,,,0,,
17501016_15142052,17501016,Starway WaterBased Foundation тональный крем 10101 140 мл,Товар,6924476800008,6924476800008,да,,,0,,
117560803_926023848,117560803,The Act скраб Баня Ягоды для тела 500 г,Товар,4678597499154,4678597499154,да,,,0,,
121519519_672015285,121519519,Influence Ultra Eraser консилер 1,Товар,,,да,,,0,,
17700671_164332880,17700671,BABOR эссенция-тоник Cleansing Toning Rose 200 мл,Товар,,,да,,111250090_693263794,0,,"102781005_859651508,102781003_718180629"
101742319_417749553,101742319,ITALWAX Натуральный средняя пленочный воск 500 г,Товар,,,да,,,0,,
108188554_317000459,108188554,PRE MORE Pure cleanser крем-гель 150 мл,Товар,8809285941907,8809285941907,да,,118371326_331699728,0,,
104989360_15142052,104989360,Eveline Cosmetics Wonder Match тональный крем 05 Light Porcelain 30 мл,Товар,5903416017738,5903416017738,да,,,0,,
115753274_781453722,115753274,The Act крем ночной для лица 65 мл,Товар,4678597499444,4678597499444,да,,,0,,
102591177_831118,102591177,Topface тени прессованные Pro palette eyeshadow 015,Товар,,,да,,109651544_927685,0,,
103627116_430238289,103627116,The Act Баттер для тела увлажняющий виноград крем-баттер для тела 180 г,Товар,4678599767251,4678599767251,да,,,0,,131345629_366680155
142965859_745367866,142965859,Tashe Пилинг для кожи головы Rosemary lush пилинг для кожи головы 100 мл,Товар,4812413007776,4812413007776,да,,,0,,
128050460_972547644,128050460,The Act скраб Набор Грейпфрут &#43; Кокос для тела 2 шт по 300 г,Товар,4678597699271,4678597699271,да,,,0,,
17500779_207597,17500779,Holika Holika Petit BB крем Clearing 30 мл,Товар,8806334355135,8806334355135,да,,,0,,
101430354_15142052,101430354,MEDI-PEEL Peptide-Tox набор по уходу за лицом для женщин,Товар,8809409347264,8809409347264,да,,"103548757_15142052,111980385_576443339",0,,
106059711_857260901,106059711,The Act Маска для волос восстанавливающая 150 мл,Товар,,,да,,,0,,
103884760_15142052,106621636,Sulwhasoo Gentle Cleansing пенка 50 мл,Товар,8809803584142,8809803584142,да,,,0,,"108057645_860690212,105604165_420100608,105239841_164570137,115815245_214366155"
106854437_15142052,106854437,Beauty of Joseon Ginseng гидрофильное масло 210 мл,Товар,8809968130130,8809968130130,да,,,0,,115841574_239537
104443822_183553,104443822,Vivienne Sabo масло Dessert Levres 04 Lip Oil 3 мл,Товар,,,да,,,0,,
101984016_040945492,101984016,ITALWAX Top Line Орхидея средняя воск 750 г,Товар,8032835172111,8032835172111,да,,,0,,
100644508_15142052,100644508,A'pieu Madecassoside пенка 130 мл,Товар,8809581460454,8809581460454,да,,,0,,117210054_354195343
107666500_811266446,107666500,Dr. Althea Premium Quick Step Sebum Cleanser мусс 100 мл,Товар,8809447253756,8809447253756,да,,,0,,
117437609_507932900,117437609,BLIV U стик Collagen Bouncing SPF50 для лица 19 г,Товар,,,да,,,0,,
100796221_412181476,100796221,Vivienne Sabo Le Grand Volume блеск для губ 01 Мерцающий,Товар,,,да,,,0,,
108253404_939247486,108253404,FOCALLURE мыло Brow Soap Прозрачный,Товар,,,да,,,0,,
117849320_812959683,117849320,CLIO Kill Cover High Glow Foundation тональный крем 02 Lingerie 38 мл,Товар,,,да,,,0,,
100360008_891628,100360008,Farmstay Hyaluronic Acid Super Aqua Skin Care 3 Set набор по уходу за лицом для женщин,Товар,,,да,,103910265_405223,0,,
104545714_939945004,104545714,ANGIOPHARM тоник Whitening Tonic 200 мл,Товар,4660307841094,4660307841094,да,,,0,,
105820114_372571,105820114,AGC подводка-фломастер черный Crown Eyeliner Black,Товар,8800984001893,8800984001893,да,,,0,,
115294354_932004994,115294354,Influence Glow Injection бальзам оттеночный для губ 05 Mixed Reality,Товар,4602006348450,4602006348450,да,,,0,,
130112441_536854253,130112441,The Act патчи для области вокруг глаз 80 шт,Товар,4678597699776,4678597699776,да,,,0,,
103192982_518438706,103192982,Ресничка карандаш Eyebrow Pencil with Brush 204 Коричневый,Товар,,,да,,,0,,
108756341_373972057,108756341,Influence Beauty Lunar хайлайтер 01,Товар,4602006310655,4602006310655,да,,122844490_073038706,0,,
101373141_691681,101373141,Vivienne Sabo масло 02 Dessert Levres Lip Oil 3 мл,Товар,3700971338245,3700971338245,да,,,0,,
128150567_709613014,128150567,The Act набор скраб антицеллюлитный и масло твёрдое Кокос для тела 470 мл,Товар,4678597499246,4678597499246,да,,115922639_294795,0,,
103664277_15142052,103664277,Etude House тонер Soon Jung Toner 200 мл,Товар,8809668021509,8809668021509,да,,"100498808_15142052,103306692_15142052,103534481_15142052",0,,115250020_625562029
101687645_308692,101687645,ART SOFFIO карандаш Masters Blue DCS-03В Black-Brown,Товар,,,да,,"112641036_427815219,112641031_382148665",0,,
105496473_15142052,105496473,PRE MORE Natural Cover BB крем Light Nude 50 мл,Товар,8809782556109,8809782556109,да,,,0,,
107970155_804734142,107970155,Influence Skinnovation Hydra тональный крем 4 25 мл,Товар,4602006309925,4602006309925,да,,,0,,
100385135_587207858,100385135,Маска для лица Farmstay тканевая Cucumber 1 шт,Товар,,,да,,,0,,"102047515_844898911,GIFT_MASK"
130857739_326138962,130857739,Tashe бальзам Бальзам универсальный 1000 мл,Товар,4812413005819,4812413005819,да,,,0,,
118859371_699328873,118859371,"Come inside me Pure Rose парфюмерное масло 7 мл, для женщин",Товар,,,да,,,0,,
102326366_458050557,102326366,Ollin Professional Двойное увлажнение кондиционер 1000 мл,Товар,4627115395478,4627115395478,да,,,0,,
108509287_247380,108509287,Dr.Ceuracle Hyal Reyouth Multi Cleansing бальзам 100 мл,Товар,,,да,,,0,,
130029258_604570777,130029258,Skin1004 сыворотка Madagascar Centella Tone Brightening для лица 50 мл,Товар,8809913830627,8809913830627,да,,,0,,109089132_416810544
109458017_727860189,109458017,Romand Glasting Melting Balm блеск для губ 04 Hippie Berry,Товар,8809625248826,8809625248826,да,,,0,,
101288589_119228,101288589,ENOUGH Collagen Aqua Air кушон 21 15 г,Товар,8809347960303,8809347960303,нет,100856588_386737,,0,,
101636120_969294665,101636120,ART SOFFIO карандаш Brow Sculpt 101 Черный,Товар,,,да,,,0,,
114817484_907728273,114817484,BIDALLI тонер Hyaluronic Essential 160 мл,Товар,8809443286642,8809443286642,да,,,0,,"122460835_990166654,119189813_954305787"
105520832_220143,105520832,WOKALI скраб Raspberry для тела 350 мл,Товар,,,да,,,0,,
117784687_793750432,117784687,LUXVISAGE Lip Volumizer Hot Vanilla блеск для губ 308 Spice Rose,Товар,4811329045933,4811329045933,да,,,0,,
24300479_15142052,24300479,ESTHETIC HOUSE CP-1 Bright Complex Intense Nourishing кондиционер 500 мл,Товар,8809450013019,8809450013019,да,,,0,,
112641031_382148665,112641031,ART SOFFIO карандаш Masters of Visage Sky Blue 001-002 Черный-коричневый,Товар,,,нет,101687645_308692,,0,,
121162767_017689985,121162767,Sen Sulu тени Тени V3 8 мл,Товар,8682504114753,8682504114753,да,,,0,,
101724504_437450594,101724504,ITALWAX Клубника плотная воск 100 мл,Товар,8052532725335,8052532725335,да,,,0,,
102258964_755293097,102258964,Shik Perfect Liquid румяна 01,Товар,,,нет,101984876_982738,,0,,
140943422_656113886,140943422,Sen Sulu глиттер прессованные Sparkle mood 03 Soft Sand,Товар,8682504115198,8682504115198,да,,140443048_975779759,0,,
116070411_664122432,116070411,O HUI лосьон-тоник Extreme white 150 мл,Товар,,,да,,,0,,
117308408_809586430,117308408,Tocobo Calamine Pore Control гидрофильное масло 200 мл,Товар,,,да,,,0,,
120337627_902946477,120337627,Round Lab Birch Juice Line набор по уходу за лицом унисекс,Товар,8809962540287,8809962540287,да,,,0,,
117625202_899096801,117625202,ANGIOPHARM крем Cream Comfort Omega 3-6-9 для лица 7 мл,Товар,,,да,,,0,,
128508451_121784892,128508451,Пудра Sen Sulu Sen Sulu Пудра V2 рассыпчатая V2 бежевый,Товар,8682504114814,8682504114814,да,,,0,,
108097976_951960947,108097976,Influence Hydra фиксатор макияжа для лица 110 мл,Товар,4602006310945,4602006310945,да,,,0,,
108164930_108309,108164930,Sol de Janeiro Bum Bum Summer Jet Set набор для тела для женщин,Товар,,,да,,,0,,
102326368_052864434,102326368,Ollin Professional Care Volume спрей-кондиционер 250 мл,Товар,,,да,,,0,,
137762026_860821050,137762026,Catrice Хайлайтер Diamond Haze Highlighter хайлайтер 010,Товар,4059729514998,4059729514998,да,,,0,,
835526,114870576,Viola AQUATIC 100 мл,Товар,,,да,,,0,,
100371251_15142052,100371251,MEDI-PEEL сыворотка Cindella Multi-Antioxidant Ampoule для лица 100 мл,Товар,,,да,,,0,,
115394112_802011046,115394112,Skin1004 стик Madagascar Centella Hyalu-Cica Silky Fit SPF50 для лица 20 г,Товар,,,да,,,0,,
101742343_106584078,101742343,ITALWAX Слива средняя пленочный воск 500 г,Товар,8032835163409,8032835163409,да,,,0,,
100846172_396278936,100846172,Vivienne Sabo Jolies Levres карандаш 104,Товар,3700971335596,3700971335596,да,,,0,,
100208282_828844338,100208282,BABOR Deep Cleansing пенка 200 мл,Товар,4015165363156,4015165363156,да,,,0,,102781005_859651508
101841323_15142052,101841323,TOO COOL FOR SCHOOL крем Quadruple UV Shield SPF50 для лица 80 мл,Товар,8809658627520,8809658627520,да,,,0,,
100228607_192901817,132897316,Clinique гель Dramatically Different Moisturizing Gel для лица 125 мл,Товар,,,да,,115781416_115693234,0,,
17600141_829230164,17600141,BABOR крем Skinovage Vitalizing для лица 50 мл,Товар,,,да,,,0,,
100678273_144175246,100678273,BABOR пилинг Enzyme Cleanser 40 г,Товар,,,да,,,0,,102781003_718180629
115319464_086974375,115319464,Celimax пилинг Pore Dark Spot Brightening Pad 40 шт,Товар,8809743546323,8809743546323,да,,,0,,137036304_800357788
100374871_15142052,100374871,Banila Co Clean It Zero Tea Tree-EX бальзам 100 мл,Товар,,,да,,,0,,
112861860_862412,112861860,The Act набор скрабов антицеллюлитных для тела 3 шт по 300 г,Товар,4678599767626,4678599767626,да,,,0,,
100397079_628164,100397079,By Wishtrend тоник Mandelic Acid 5% Skin Prep Water 120 мл,Товар,8809572890352,8809572890352,да,,"100703287_861377,134771808_791942167,136101629_362306911,141223392_260679706",0,,
116584182_305425167,116584182,I'M FROM Mugwort Gel Cleanser гель 150 мл,Товар,8809525931606,8809525931606,да,,,0,,
112846967_805289627,112846967,Dr.Ceuracle крем Vegan Active Berry Lifting для лица 75 мл,Товар,,,да,,,0,,
114817387_524482473,114817387,BIDALLI мист All in One Onsen-Sui 100 мл,Товар,8809563068852,8809563068852,да,,,0,,138247205_140118124
100073683_092173602,100073683,Пудра LUXVISAGE Expert Matt сухая бесцветный прозрачный,Товар,4811329023924,4811329023924,да,,,0,,
137131144_273327738,137131144,MIXIT Vitamin C энзимная пудра 100 г,Товар,4650358455500,4650358455500,да,,,0,,
104265139_525047043,104265139,LUXVISAGE Skin Evolution Soft Matte тональный крем 35 Warm beige 35 мл,Товар,4811329034852,4811329034852,да,,,0,,
101846274_227514,101846274,"Тушь для ресниц Farmstay Princess Curl Longlash удлиняющая, подкручивающая черный",Товар,8809324207315,8809324207315,да,,,0,,
132154366_674680884,132154366,BOTO Низкомолекулярный коллаген с Витамином С порошок 120,Товар,8806102877906,8806102877906,да,,,0,,
104613101_317687,104613101,AXIS-Y Quinoa One Step гель 180 мл,Товар,8809634610027,8809634610027,да,,,0,,
123910439_021872129,123910439,Vivienne Sabo Macaron румяна 02 · Холодный розовый,Товар,3666670818252,3666670818252,да,,,0,,
102556845_851563,102556845,Shik Perfect Liquid Contour скульптор 01,Товар,4631159949269,4631159949269,да,,,0,,116237542_787254257
101273183_15142052,101273183,Gabrini Derma 24h matte SPF15 тональный крем 102 40 мл,Товар,8696814078520,8696814078520,да,,,0,,
100154429_539052,100154429,Topface тени прессованные Pro Palette 014,Товар,,,да,,100171860_220720,0,,
130381362_222075853,130381362,"The Act скраб Кокос для рук, для ног, для тела 3 шт по 300 г",Товар,,,да,,,0,,
17501018_745069,17501018,Starway WaterBased Foundation тональный крем 10103 140 мл,Товар,,,да,,,0,,
148040136_359684344,148040136,Dr. Althea крем PDRN REJU 5000 Cream Восстанавливающий Крем для Лица с ПДРН 20g для лица 20 г,Товар,,,да,,,0,,
120055904_398669369,120055904,Tocobo стик Cica Cooling Sun Stick SPF50 для лица 18 г,Товар,8809835060454,8809835060454,да,,,0,,
101233868_15142052,101233868,A'pieu крем Pure Block Water Proof Sun SPF50 для лица 50 мл,Товар,,,да,,,0,,
118886597_966814953,118886597,ANGIOPHARM крем Azelaine Soft для лица 7 мл,Товар,,,да,,,0,,
104228726_15142052,104228726,Skin1004 тонер Hyalu-cica brightening Toner 30 мл,Товар,,,да,,,0,,
100675489_904174,100675489,Holika Holika Petit BB крем Moisturizing 30 мл,Товар,8806334355128,8806334355128,да,,,0,,
101273150_15142052,101273150,Gabrini Derma 24h matte SPF15 тональный крем 101 40 мл,Товар,,,да,,,0,,
110551230_197594031,110551230,Jeans набор кистей для макияжа 308589 15 шт,Товар,,,да,,"108941121_641602476,105617466_459200,104790655_903521,109466452_782353860",0,,
107970154_176123041,107970154,Influence Skinnovation Matte тональный крем 04 темно-бежевый 25 мл,Товар,4602006309772,4602006309772,да,,,0,,
103554202_946744352,103554202,LUXVISAGE Skin Evolution Soft Matte тональный крем 20 Beige 35 мл,Товар,4811329034821,4811329034821,да,,,0,,
116707433_811739442,116707433,ANGIOPHARM пилинг Weekend Peeling pH 3.0-3.5 15 мл,Товар,4603784188023,4603784188023,да,,,0,,
102689734_146143413,102689734,Makeup Revolution тени прессованные Reloaded Iconic 3.0,Товар,,,да,,,0,,
135318363_488032830,135318363,"RoRoBell крем Quince Sun Cream SPF 50+ PA++++ для лица, для области вокруг глаз, для зоны декольте 50 мл",Товар,,,да,,,0,,
102095661_15142052,102095661,MISSHA Velvet Finish SPF50 кушон 21 15 г,Товар,,,да,,,0,,
101571403_15142052,101571403,Farmstay тонер Avocado Premium Pore 350 мл,Товар,,,да,,,0,,
21900487_471669,21900487,Dr. Jart Dermaclear Micro пенка 120 мл,Товар,8809933611633,8809933611633,да,,,0,,
112313033_330131607,112313033,LUXVISAGE ULTRA HD soft focus 12H консилер 10 fair,Товар,4811329040242,4811329040242,да,,,0,,
108133152_503581098,108133152,Skin1004 Madagascar Centella Poremizing Deep пенка 125 мл,Товар,8809576261653,8809576261653,да,,,0,,117243693_345581291
103348921_182145,103348921,Tarte Shape Tape консилер 12B Fair Beige,Товар,,,да,,"106918658_180134,114313509_099067985",0,,
116708253_829066376,116708253,MEDI-PEEL тонер Peptide 9 Volume Bio Tox pro Toner 250 мл,Товар,8809941820317,8809941820317,да,,135466398_464209778,0,,
113032825_547390197,113032825,ANGIOPHARM Silk Amino Acids Cleansing гель 400 мл,Товар,4603789160864,4603789160864,да,,,0,,
107426775_536022,107426775,Rovectin крем Skin Essentials Barrier Repair Aqua Concentrate для лица 60 мл,Товар,,,да,,,0,,
119721098_435841962,119721098,Influence Universum Stick 3 in 1 корректор 2,Товар,4602006362050,4602006362050,да,,,0,,
114723818_135212,114723818,ART SOFFIO тени прессованные Creates Graphics 07,Товар,,,да,,,0,,
101712217_15142052,101712217,Dr.Ceuracle тонер Cica Regen 92 Toner 120 мл,Товар,,,да,,,0,,117415013_686535434
112296034_311195055,112296034,BAZE Leave-In 20in1 спрей ультралегкая фиксация 250 мл,Товар,,,да,,,0,,
24800075_444225,24800075,Vivienne Sabo Jolies Levres карандаш 102,Товар,3700971335572,3700971335572,да,,,0,,
102547908_15142052,102547908,Aroma Home Кедровое дерево и Пачули 50 мл,Товар,,,да,,,0,,
102078353_688968637,102078353,Vivienne Sabo Gloire D'amour хайлайтер 01 светло розовый,Товар,3700971361427,3700971361427,да,,,0,,
122724454_065786574,122724454,Sen Sulu карандаш Classic V2 Темно-коричневый,Товар,8682504114838,8682504114838,да,,,0,,152998349_050379583
109019258_063052602,109019258,Vivienne Sabo Le Grand Volume карандаш 06,Товар,3666670803487,3666670803487,да,,,0,,
101008095_822655940,101008095,Makeup Revolution Raise the Bar Highlight Reloaded хайлайтер,Товар,,,да,,,0,,
121029547_718472226,121029547,Influence Universum Stick 3 in 1 корректор 3,Товар,4602006362067,4602006362067,да,,,0,,
115677364_283841140,115677364,MEDI-PEEL Algo-Tox Vita Cleanser Vegan Lemon гель-пенка 150 мл,Товар,8809941820997,8809941820997,да,,,0,,
100385531_15142052,100385531,Farmstay тонер Snail Visible Difference Moisture 350 мл,Товар,8809809800215,8809809800215,да,,,0,,
144070706_316741612,144070706,Anlee beauty Fall in Love парфюмированное масло для интимной гигиены для тела 7 г,Товар,,,да,,,0,,
101619867_021492177,101619867,ART SOFFIO Make Up Lipliner Pencil карандаш 0141 Кремовый Розовый,Товар,,,да,,,0,,
117280160_908282918,117280160,ANGIOPHARM тоник Salicylic Tonic Anti Acne 50 мл,Товар,4603789161021,4603789161021,да,,,0,,
117280127_117632573,117280127,ANGIOPHARM тоник Active Sensitive 50 мл,Товар,,,да,,130743339_506390104,0,,
136582303_382111117,136582303,"MIZON крем Inout Daily Soothing Sunscreen SPF50 для лица, для зоны декольте 50 мл",Товар,8809663756703,8809663756703,да,,,0,,
110731959_857846789,110731959,Lacto-Fit Пробиотик,Товар,,,да,,,0,,
104060304_802575,104060304,Round Lab тонер Mugwort Calming 300 мл,Товар,8809738605714,8809738605714,да,,,0,,
108448693_165232800,108448693,ANGIOPHARM крем Azelaine Anti-Acne для лица 50 мл,Товар,4603789160826,4603789160826,да,,,0,,
102944916_289538992,102944916,LUXVISAGE Prime Expert Pore Filler основа под макияж для лица 35 мл,Товар,4811329034784,4811329034784,да,,,0,,
110411718_693885156,110411718,ANGIOPHARM крем Azelaine Soft Sensitive для лица 50 мл,Товар,,,да,,,0,,
105161347_954556203,105161347,Маска для лица ANGIOPHARM крем Cleansing Mask 75 мл,Товар,4660307840899,4660307840899,да,,,0,,
106250374_15142052,106250374,Round Lab крем Birch Moisture Sun Cushion для лица 15 мл,Товар,,,да,,,0,,117556608_226125555
118575102_602142278,17300995,"LACOSTE L.12.12 Blanc туалетная вода EDT 100 мл, для мужчин",Товар,,,да,,,0,,
100704541_953944,100704541,Vivienne Sabo Jolies Levres карандаш 103,Товар,3700971335589,3700971335589,да,,,0,,
103289107_929348,103289107,Likato Professional Salicylic Acid пенка 150 мл,Товар,,,да,,,0,,
112626125_341900433,112626125,The Act скраб кофейный отшелушивающий для губ 25 г,Товар,4678599767589,4678599767589,да,,,0,,
131012852_309390615,131012852,ANGIOPHARM сыворотка Niacinamide Anti Acne для лица 5 мл,Товар,4603789162080,4603789162080,да,,,0,,
115704462_274836636,115704462,Romand Glasting Color Gloss блеск для губ 05 Dim Mauve,Товар,8809625248833,8809625248833,да,,,0,,
109088215_204052665,109088215,SKIN&LAB Barrierderm Mild пенка 150 мл,Товар,,,да,,,0,,
100471445_15142052,100471445,Pyunkang Yul Acne пенка 120 мл,Товар,,,да,,,0,,
103522290_467049424,103522290,ANGIOPHARM крем Anti Couperose для лица 50 мл,Товар,4603784188160,4603784188160,да,,,0,,
110371372_258901,110371372,Vivienne Sabo Le Grand Volume блеск для губ 10 коричнево-красный,Товар,3700971333943,3700971333943,нет,101818708_608020,,0,,
101818708_608020,101818708,Vivienne Sabo Le Grand Volume блеск для губ 10 Коричнево-красный,Товар,3700971333943,3700971333943,да,,110371372_258901,0,,
103126757_15142052,103126757,CELLIO крем Vita Fresh Ssingssing 4 in1 для лица 70 мл,Товар,,,да,,,0,,116786920_608491452
132897088_203058169,132897088,"Round Lab крем Baby Mild Sunscreen для лица, для зоны декольте 50 мл",Товар,8809962540805,8809962540805,да,,,0,,
107959549_056619750,107959549,Биоритм Sexy Sweet Juicy Mango молочко для тела 150 мл,Товар,4607013977662,4607013977662,да,,,0,,
104546107_198533510,104546107,ANGIOPHARM крем Oily Combination Skin для лица 50 мл,Товар,4603784188207,4603784188207,да,,,0,,
117001405_967721108,117001405,PRE MORE сыворотка Rejutox PDRN для лица 30 мл,Товар,8809875908730,8809875908730,да,,,0,,
107970157_010002508,107970157,Influence Skinnovation Matte тональный крем 02 светло-бежевый 25 мл,Товар,4602006309758,4602006309758,да,,,0,,
105741269_407629538,105741269,Vivienne Sabo масло Dessert Levres Lip Oil 3 мл,Товар,,,да,,,0,,
101742308_905113090,101742308,ITALWAX Белый шоколад средняя пленочный воск 500 г,Товар,8052532721061,8052532721061,да,,,0,,
118793256_076496303,118793256,Vivienne Sabo Coverture тональный крем 03 Натуральный 30 мл,Товар,,,да,,,0,,
117429167_140895591,117429167,ANGIOPHARM крем Comfort Omega 3-6-9 для лица 200 мл,Товар,,,да,,,0,,
105375075_829662,105375075,Loreal Paris Alliance Perfect Гиалуроновая кислота тональный крем 0.5N 30 мл,Товар,3600524190736,3600524190736,да,,,0,,
104545803_647538239,104545803,ANGIOPHARM Cleansing молочко 200 мл,Товар,,,да,,,0,,
123612258_579193877,123612258,Beauty of Joseon крем Relief Sun Aqua-fresh Rice + B5 SPF50+ для лица 50 мл,Товар,8809968130277,8809968130277,да,,,0,,
114097042_555090700,114097042,Tashe маска Детокс и свежесть 500 мл,Товар,4812413001293,4812413001293,да,,,0,,
101619828_642629189,101619828,ART SOFFIO Make Up Lipliner Pencil карандаш 0145 Истинно Красный,Товар,4897045416134,4897045416134,да,,,0,,
38200119_652620794,38200119,Milani Cosmetics Baked blush румяна Luminoso,Товар,,,да,,38200099_283487943,0,,
103395036_817932,103395036,Dr.Ceuracle Vegan Kombucha Tea набор по уходу за лицом для женщин,Товар,,,да,,,0,,
101557494_624794505,101557494,PSA пилинг Follow The Light 50 мл,Товар,,,да,,,0,,
102188123_383949,102188123,Chupa Chups Candy Glow SPF50 кушон Cherry 2.0 Shell 14 г,Товар,,,да,,,0,,
109019248_180550906,109019248,Vivienne Sabo Le Grand Volume карандаш 07,Товар,3666670803494,3666670803494,да,,,0,,
100385454_15142052,100385454,Some by Mi Aha Bha Pha 30 Days Miracle Acne пенка 100 мл,Товар,8809647390091,8809647390091,да,,,0,,
106290938_15142052,106290938,The First Ginature Skin Softener набор по уходу за лицом для женщин,Товар,,,да,,,0,,
105496639_15142052,105496639,Round Lab 1025 Dokdo Cleansing бальзам 100 мл,Товар,,,да,,,0,,
102071473_512748303,102071473,Loreal Professionnel Paris Vitamino Color 10 в 1 спрей 190 мл,Товар,,,да,,,0,,
111560998_581455292,111560998,Liv Delano Lost Cherry крем для тела 250 мл,Товар,4811248011019,4811248011019,да,,,0,,114394683_221834688
100743997_15142052,100743997,The First Ginature Skin Softener набор по уходу за лицом для женщин,Товар,,,да,,,0,,
109996865_682556647,109996865,Catrice AirBlush Glow румяна 010,Товар,,,да,,,0,,
102188413_282347,102188413,The Ordinary сыворотка Niacinamide 10% + Zinc 1% для лица 60 мл,Товар,769915196511,769915196511,да,,113283988_333633,0,,
101431244_15142052,101431244,MEDI-PEEL Glutathione 600 набор по уходу за лицом для женщин,Товар,,,да,,103183663_15142052,0,,
114184208_783774652,114184208,Dr. Jart крем Ceramidin Ultra moisturizing для лица 50 мл,Товар,,,да,,,0,,
113440315_832090,113440315,Тушь для ресниц Vivienne Sabo Volume Etalon для объема черный,Товар,,,да,,,0,,
112802029_639699044,112802029,Influence Universum Stick 3 in 1 корректор 1,Товар,4602006314417,4602006314417,да,,,0,,
113687548_414024,113687548,Anua ампульная сыворотка Heartleaf 80% Soothing для лица 30 мл,Товар,8809640730283,8809640730283,да,,,0,,"115260869_571140,117446177_502605073,117446022_343862582,115751741_753937"
101724511_551424848,101724511,Воск ITALWAX Белый шоколад плотность средняя в картридже 100 мл,Товар,,,да,,,0,,116768471_008857175
104326301_528271,104326301,By Wishtrend крем Vitamin A-mazing Bakuchiol для лица 30 г,Товар,8809572891328,8809572891328,да,,,0,,
115053918_858224426,115053918,Маска для лица AXIS-Y глиняная Mugwort Pore Clarifying Wash Off Pack 100 мл,Товар,8809634610102,8809634610102,да,,,0,,
115674131_193169003,115674131,Romand Glasting Color Gloss блеск для губ 03 Rose Finch,Товар,,,да,,,0,,
118836970_468475980,118836970,ANGIOPHARM крем-гель Anti Acne для лица 7 мл,Товар,4603789160857,4603789160857,да,,,0,,
119121546_832239440,119121546,Dr.Ceuracle для восстановления кожи набор по уходу за лицом унисекс,Товар,,,да,,,5,117820810_164467814|Dr.Ceuracle 5 Alpha Control Clearing пенка 200 мл|1.0; 110870764_473568538|Dr.Ceuracle ампульная сыворотка Royal Vita Propolis 33 Ampoule для лица 15 мл|1.0; 103730776_15142052|Dr.Ceuracle крем Royal Vita Propolis 33 для лица 50 г|1.0; 101810014_15142052|Dr.Ceuracle крем Cica Regen Vegan SPF50 для лица 50 мл|1.0; 101239725_207772|Dr.Ceuracle тонер Hyal Reyouth 120 мл|1.0,
120541644_802978158,120541644,Маска для лица ANGIOPHARM кислородная Набор Саше карбокситерапии 15 мл,Товар,,,да,,,0,,
17500039_15142052,17500039,MISSHA Perfect Cover BB крем 23 50 мл,Товар,8806185793124,8806185793124,да,,105475971_324474,0,,
134446756_584041167,134446756,LUXVISAGE Icon Lips блеск для губ 511 Dark Chocolate,Товар,4811329047371,4811329047371,да,,,0,,
124071842_685320246,124071842,ATOPALM крем Atopalm MLE Cream. Ламелярный увлажняющий крем для лица для лица 65 мл,Товар,,,да,,,0,,
101288571_708400311,101288571,COSRX крем Aloe Soothing SPF50+ PA+++ для лица 50 мл,Товар,8809416470191,8809416470191,да,,100375687_580544266,0,,
118793257_858186602,118793257,Vivienne Sabo Coverture тональный крем 01 Молочно-бежевый 30 мл,Товар,3666670814674,3666670814674,да,,,0,,
112544323_385879431,112544323,Воск ITALWAX Flex Кремовая роза плотность средняя в картридже 100 мл,Товар,8032835173019,8032835173019,да,,,0,,
100794828_130679,100794828,Vivienne Sabo карандаш Brow Arcade 06 графитовый,Товар,3700971337996,3700971337996,да,,,0,,
101818946_964187,101818946,Vivienne Sabo Le Grand Volume блеск для губ 11 Сливовый,Товар,3700971333950,3700971333950,да,,,0,,
118789813_688079336,118789813,Vivienne Sabo Coverture тональный крем 02 Светло-бежевый 30 мл,Товар,,,да,,,0,,
100999039_15142052,100999039,The Ordinary сыворотка Retinol 1% in Squalane для лица 30 мл,Товар,,,да,,,0,,
101256510_449617,101256510,Gabrini Liquid консилер 1,Товар,8696814046000,8696814046000,да,,,0,,
100669564_901283,100669564,Пудра MISSHA Velvet Finish Cushion SPF 50+ PA+++ сухая 23 бежевый,Товар,8809581449299,8809581449299,нет,17500259_713863,,0,,
145432945_536192735,145432945,Dr. Althea мист 345 Relief Cream Mist Восстанавливающий Мист для Лица 100ml 100 мл,Товар,8809447256115,8809447256115,да,,,0,,145590079_078466433
129331227_181783625,129331227,Ollin Professional Salon Beauty набор по уходу за волосами унисекс,Товар,,,да,,,3,106118908_844711806|Ollin Professional Salon Beauty с экстрактом ламинарии шампунь 1000 мл|1.0; 106198122_337235443|Ollin Professional маска Salon Beauty с экстрактом ламинарии 500 мл|1.0; 106118733_591821897|Ollin Professional кондиционер Salon Beauty с экстрактом ламинарии 1000 мл|1.0,
100385084_15142052,100385084,Farmstay AloeVera Moisture Soothing гель-лосьон для тела 300 мл,Товар,8809809800260,8809809800260,да,,,0,,
114465032_486194,114465032,Маска для лица Anua тканевая Birch Moisture Mask 1 шт,Товар,,,да,,,0,,GIFT_MASK
101440171_273093372,101440171,Just Pedi Blam крем для ног 30 мл,Товар,,,да,,,0,,
109457246_631228,109457246,Romand Glasting Melting Balm блеск для губ 07 Mauve Whip,Товар,,,да,,,0,,
17400135_230061,17400135,Тушь для ресниц Vivienne Sabo Cabaret для объема черный,Товар,3700971300617,3700971300617,да,,,0,,
105477808_544861,105477808,Vivienne Sabo карандаш Brow Arcade 07 серо-коричневый,Товар,3700971363841,3700971363841,да,,,0,,
100676566_15142052,100676566,MEDI-PEEL эмульсия Aqua Essence Peptide 9 для лица 250 мл,Товар,8809409344683,8809409344683,да,,143535580_326954892,0,,"116126978_826125616,115383635_071264482"
19600042_619785,19600042,"Маска для лица Elizavecca грязевая, кислородная Carbonated Bubble Clay Mask 100 мл",Товар,,,да,,106236563_618080,0,,
116031305_972476394,116031305,ANGIOPHARM тоник Balancing 400 мл,Товар,4603784188733,4603784188733,да,,,0,,
118655179_669262063,118655179,Vivienne Sabo Le Grand Volume Extra Plumping блеск для губ 04 Affogato,Товар,,,да,,,0,,
103209662_392033,103209662,Shik Lip Gloss Care блеск для губ 04 Light Peach,Товар,,,да,,,0,,
21900534_15142052,21900534,Farmstay Aloe пенка 180 мл,Товар,8809317289465,8809317289465,да,,,0,,
100904400_759645,100904400,Farmstay Tropical Fruit с кокосом и маслом ши крем для рук 50 мл,Товар,,,да,,,0,,
101494030_15142052,101494030,JIGOTT Aloe Aqua Balance набор по уходу за лицом для женщин,Товар,,,да,,,0,,
121365586_738160558,140942892,Sen Sulu тени V1 V1 8 мл,Товар,8682504114739,8682504114739,да,,,0,,152998349_050379583
102211113_501531,102211113,Farmstay Visible Difference Collagen крем для рук 100 г,Товар,,,да,,,0,,
105263761_723300,105263761,Round Lab солнцезащитный стик Birch Juice Moisturizing SPF50 для лица 19 г,Товар,8809875904459,8809875904459,да,,,0,,
109063148_552959,109063148,Likato Professional Enzyme Powder Papain энзимная пудра 150 мл,Товар,4603784469313,4603784469313,да,,,0,,
17600181_15142052,17600181,Deoproce крем Syn-ake Intensive Wrinkle Care для лица 100 г,Товар,,,да,,,0,,
100729009_583082,100729009,Пудра FFLEUR Two Way Cake кремовая №02 бежевый,Товар,4712826232928,4712826232928,да,,102808761_392672,0,,
112161520_954988253,117974284,CLIO Kill Cover Founwear Foundation SPF30 тональный крем 02 lingerie 13 мл,Товар,,,да,,,0,,
100665839_15142052,100665839,A'pieu крем Glycolic Acid для лица 50 мл,Товар,8809530056738,8809530056738,да,,,0,,
106236563_618080,106236563,Маска для лица Elizavecca глиняная Milky Piggy 100 мл,Товар,,,нет,19600042_619785,,0,,
106936382_858328,106936382,Gabrini Liquid консилер 2,Товар,8696814046017,8696814046017,да,,,0,,
142608379_164415242,142608379,ANGIOPHARM тоник Moisturizing 200 мл,Товар,4660307843432,4660307843432,да,,,0,,
109668742_644220436,109668742,O HUI крем Extreme White для лица 50 мл,Товар,,,да,,,0,,
135112849_163490445,135112849,MAKEUPSTOREKZ Glossy and Matte палетка помад для губ LP02,Товар,2041540819132,2041540819132,да,,,0,,
102853748_121872,102853748,Art-Visage гель Fix Care Gel Прозрачный,Товар,,,да,,"100113990_815268,100796526_572369",0,,
151042402_914170812,151042402,RoRoBell Bfadation тональный крем 25 30 мл,Товар,8800316294375,8800316294375,да,,,0,,
100382216_15142052,100382216,Some by Mi сыворотка Aha Bha Pha 30 Days Miracle для лица 50 мл,Товар,8809525242764,8809525242764,да,,,0,,
103513390_15142052,103513390,A'pieu Deep Clean Pore пенка 130 мл,Товар,,,да,,,0,,
102000683_880458525,102000683,Vivienne Sabo Concealer Retouche консилер 02 светло-персиковый,Товар,3700971343959,3700971343959,да,,,0,,
107080698_193571,107080698,Haruharu WONDER Black Rice Moisture Deep Cleansing Oil гидрофильное масло 150 мл,Товар,,,да,,,0,,
132130986_154248708,132130986,"Medicube крем-гель Medicube Collagen Jelly Cream для лица, для зоны декольте 50 мл",Товар,,,да,,,0,,135318977_583644155
100705468_812249,100705468,Vivienne Sabo карандаш Brow Arcade 04 серо-коричневый,Товар,3700971335978,3700971335978,да,,,0,,
109846332_222502,109846332,Beauty of Joseon стик Matte Sun Stick Mugwort+Camelia для лица 18 мл,Товар,8809864766884,8809864766884,да,,,0,,
109121061_754364,109121061,MEDI-PEEL крем Peptide Tox Bor для области вокруг глаз 40 мл,Товар,,,да,,,0,,
105532079_000757694,105532079,Ollin Professional Service Line pH 5.5 шампунь 1000 мл,Товар,4620753726802,4620753726802,да,,,0,,
100162389_161298,100162389,LAGOM Cellup Micro пенка 150 мл,Товар,,,да,,,0,,
104545767_014510167,104545767,ANGIOPHARM тоник Balancing 200 мл,Товар,,,да,,,0,,
102780125_137212,102780125,Maybelline New York Lifter Gloss блеск для губ 003 Moon,Товар,,,да,,,0,,
109695030_434646,109695030,AXIS-Y сыворотка Spot The Difference Blemish Treatment для лица 15 мл,Товар,,,да,,,0,,
141098287_879511613,141098287,The Act Дымка для волос парфюмированный мист мист 50 мл,Товар,4678597699943,4678597699943,да,,,0,,
130803713_457160243,130803713,Groinneya TJ-05 пучковые C 0.03 мм черный mix 8-16 мм,Товар,,,да,,,0,,
101493956_15142052,101493956,JIGOTT Snail Moisture набор по уходу за лицом для женщин,Товар,,,да,,,0,,
110392362_141520972,110392362,ANGIOPHARM крем Lamellar for Combination Skin для лица 50 мл,Товар,4660307840912,4660307840912,да,,,0,,
100139958_15142052,100139958,JIGOTT крем Snail Reparing для лица 100 мл,Товар,8809210036517,8809210036517,да,,,0,,
102929373_15142052,102929373,"Dr.Cellio крем 4 in 1 Sunboon Cream Aqua для лица, для зоны декольте 70 мл",Товар,8809674291026,8809674291026,да,,,0,,
100339155_15142052,100339155,MEDI-PEEL крем 5 Growth Factors для области вокруг глаз 40 мл,Товар,8809409340432,8809409340432,да,,135701238_489344697,0,,
109742775_912361,109742775,"Тушь для ресниц Loreal Paris Telescopic Lift удлиняющая, подкручивающая черный",Товар,,,да,,,0,,
106681712_537294,106681712,Vivienne Sabo Le Grand Volume блеск для губ 14 Розово-коричневый,Товар,3700971364503,3700971364503,да,,,0,,
146670981_440987811,146670981,"Массажер Mommy Care EMS V-Thera ручной вибрационный, раскатывающий, электроимпульсный",Товар,,,да,,,0,,
103648880_474694631,100675395,"TIMELESS сыворотка 20% Vitamin C для лица, для зоны декольте 30 мл",Товар,858588004725,858588004725,да,,,0,,
105628284_236592164,105628284,Воск пленочный ITALWAX Pour Homme плотность средняя в гранулах 500 г,Товар,,,да,,,0,,
114393257_126468,114393257,Anua тонер Heartleaf 77 Clear Pad 160 мл,Товар,,,да,,,0,,"115260869_571140,117446177_502605073"
102000704_830045687,102000704,Vivienne Sabo Concealer Retouche консилер 01 светло-розовый,Товар,3700971343942,3700971343942,да,,,0,,
100049314_15142052,100049314,Jigott Whitening Activated Cream крем 100 мл,Товар,8809210036500,8809210036500,да,,,0,,
115071772_313323093,115071772,BIDALLI крем Calming pure для лица 80 мл,Товар,,,да,,,0,,138247205_140118124
119267362_293687000,119267362,Пудра Ponds Dual Acne & Oil Solution рассыпчатая 1 полупрозрачный,Товар,8851932234429,8851932234429,да,,,0,,
100849288_15142052,100849288,CELLIO крем Green Tea Whitening SPF50 для лица 70 г,Товар,8809173342656,8809173342656,да,,,0,,
100370711_433042,100370711,Sinsin No Sweat No stress розовый антиперспирант для женщин 30 мл,Товар,8806438016116,8806438016116,да,,,0,,
137687461_611386610,137687461,BOTO Granat collagen 15 стиков желе 300,Товар,8809698230346,8809698230346,да,,,0,,
101228609_15142052,101228609,ENOUGH крем Collagen Moisture Sun SPF50+ PA +++ для лица 50 мл,Товар,8809755462123,8809755462123,да,,,0,,
100375636_15142052,100375636,COSRX Low pH Good Morning гель 150 мл,Товар,8809416470511,8809416470511,да,,104244012_15142052,0,,
100796526_572369,100796526,Art-Visage гель Fix Care Clear,Товар,,,нет,102853748_121872,,0,,
104744971_819867,104744971,By Wishtrend Green Tea энзимная пудра 110 г,Товар,8809572891168,8809572891168,да,,,0,,
17400166_636227,17400166,Vivienne Sabo гель Fixateur Коричневый,Товар,,,да,,,0,,
108133174_324271712,108133174,Celimax пилинг Ji Woo Gae Heartleaf Bha Peelind Pad 60 шт,Товар,8809463992615,8809463992615,да,,"136878086_860529393,138199024_646518276",0,,
118021886_784506792,108035360,Abib Pore Cleansing гидрофильное масло 210 мл,Товар,,,да,,,0,,
135143809_208006904,135143809,BIDALLI сыворотка Vegan 10% Mandelic Acid + Arginine для лица 50 мл,Товар,8809635233065,8809635233065,да,,,0,,138247205_140118124
100295801_140306044,100295801,Holika Holika Petit BB крем Shimmering 30 мл,Товар,8806334355586,8806334355586,да,,,0,,
120337599_369197512,120337599,Round Lab Pine Calming Cica набор по уходу за лицом унисекс,Товар,8809962540294,8809962540294,да,,,0,,
100073594_15142052,100073594,Starway WaterBased Foundation тональный крем 10106 140 мл,Товар,6924476800053,6924476800053,да,,,0,,
144121341_704070085,144121341,DR.PLINUS Z Acne Cleanser гель-пенка 150 мл,Товар,8809630420170,8809630420170,да,,149586100_946886910,0,,"154500878_730704459,144140779_482528078"
122386582_624038559,122386582,The Act масло массажное питательное для тела 300 мл,Товар,4678597499055,4678597499055,да,,,0,,
134446747_804951934,134446747,Sen Sulu консилер 01 milk beige консилер 01 milk beige,Товар,8682504115095,8682504115095,да,,115011705_246770361,0,,152998349_050379583
110114353_342313,110114353,Pretty Skin крем No-Sebum Tone Up SPF50 для лица 70 мл,Товар,,,да,,,0,,
144121381_343617840,144121381,DR.PLINUS Z Pore Toner 200 мл,Товар,8809630420194,8809630420194,да,,149586097_517200099,0,,"154802375_506466870,154500878_730704459,144140779_482528078"
100171857_458752,100171857,Topface тени прессованные Pro Palette 16 KTL,Товар,,,да,,100154434_140675,0,,
144246620_373263974,144246620,The Act Крем и мыло для рук набор парфюмированный крем для рук 300 мл,Товар,,,да,,,0,,
101503641_494039602,101503641,LAGOM Cellup Ph Cure пенка 120 мл,Товар,8809450980762,8809450980762,да,,,0,,
102686960_15142052,102686960,Dr.Cellio крем Calming Dodo Cica для лица 70 мл,Товар,8809674290975,8809674290975,да,,,0,,
101971498_15142052,101971498,ENOUGH Rich Gold Double Wear Radiance Foundation SPF50 тональный крем 21 100 мл,Товар,,,да,,,0,,
103217626_15142052,103217626,Beauty of Joseon сыворотка Glow Deep Rice + Arbutin для лица 30 мл,Товар,,,да,,,0,,
124357454_600869062,124357454,Маска для лица AXIS-Y гелевая New Resolution Gel Mask Восстанавливающая Маска для Лица 50ml 50 мл,Товар,,,да,,,0,,
102532330_15142052,102532330,MEDI-PEEL сыворотка Royal Rose Premium Ampoule 9 Peptide Balance для лица 100 мл,Товар,,,да,,,0,,
100384902_15142052,100384902,MISSHA Magic Cushion Moist Up кушон 21 15 г,Товар,8809581449268,8809581449268,да,,,0,,
105852158_149419,105852158,Pretty Skin крем Daily Moisture SPF50+ для лица 70 мл,Товар,,,да,,,0,,
101232513_983930,101232513,Chupa Chups Candy Glow SPF50 кушон Peach 3.0 Fair 14 г,Товар,,,да,,,0,,
104172989_503715,104172989,ZOEVA набор кистей Pink 15 шт,Товар,,,да,,109466436_132372973,0,,
100366286_814423,100366286,Beauty Creations спонж скошенный синтетический ворс 1 шт,Товар,,,да,,,0,,
118426606_425172488,118426606,Anua сыворотка-концентрат 10% Niacinamide+ 4% Tranexamic Acid для лица 30 мл,Товар,8809640734526,8809640734526,да,,"149940371_305878939,137748793_661955515,138780293_056704798,120888518_809554684,136945307_077574475,146990268_499756658,145593904_910903743",0,,
100849904_035225881,100849904,The Ordinary сыворотка Marine Hyaluronics для лица 30 мл,Товар,,,да,,,0,,
116607284_761418059,100294502,EKEL Charcoal пенка 180 мл,Товар,,,да,,,0,,
104654846_421752,104654846,Belor design Multitalent скульптор 1,Товар,4810156050196,4810156050196,да,,,0,,
101742354_242318242,101742354,ITALWAX Роза средняя пленочный воск 500 г,Товар,,,да,,,0,,
101768412_832762489,101768412,Hempz Age Defying Moisturizer молочко для тела 500 мл,Товар,,,да,,,0,,
102680842_129744210,102680842,Hempz Triple Moisture молочко для тела 500 мл,Товар,,,да,,,0,,
101346239_595802893,101346239,Hempz Original лосьон для тела 500 мл,Товар,,,да,,,0,,
101907417_765089906,101907417,Hempz Koa Sweet Almond Smoothing Herbal Body Moisturizer молочко для тела 500 мл,Товар,,,да,,,0,,
132143621_038087390,132143621,PRE MORE Natural Cover SPF20 кушон 17 Vanilla Nude 12 г,Товар,,,да,,,0,,
106641513_957630765,106641513,Маска для лица Sulwhasoo ночная Overnight Vitalizing 35 мл,Товар,,,да,,,0,,"108057645_860690212,105239841_164570137,107384316_174597130"
102437705_15142052,102437705,Dr.Cellio крем Sandeunhan Collagen Cream 4 in 1 для лица 70 мл,Товар,,,да,,,0,,
106681676_051489820,106681676,Ollin Professional Style Volume Sea Salt спрей средняя фиксация 250 мл,Товар,4627115394792,4627115394792,да,,,0,,
140257139_248115444,140257139,"MIXIT крем Крем для лица с витамином C для лица, для зоны декольте 50 мл",Товар,4650358455579,4650358455579,да,,,0,,
134123142_992204957,134123142,ANGIOPHARM крем Moisturizing для лица 50 мл,Товар,,,да,,,0,,
109458177_832906027,109458177,Romand Glasting Melting бальзам оттеночный для губ 01 Coco Nude,Товар,,,да,,,0,,
100682495_229526076,100682495,ITALWAX Nirvana Лаванда средняя пленочный воск 1000 гг,Товар,,,да,,,0,,
17600265_15142052,17600265,Guerisson 9 Complex крем 70 мл,Товар,8809910730098,8809910730098,да,,,0,,
113961265_624555,113961265,Anua тонер Heartleaf 77% Soothing Toner 250 мл,Товар,8809640731433,8809640731433,да,,115938604_757803,0,,"115260869_571140,117446177_502605073,117446022_343862582,117446123_126314297,117960443_853152517,115794723_243922462,115751741_753937"
105772354_814559806,105772354,Charlotte Tilbury Hollywood Beauty Light Wand хайлайтер Spotlight,Товар,,,да,,,0,,
100113729_15142052,100113729,MEDI-PEEL крем Hyaluronic Volumy Peptide 9 Balance для области вокруг глаз 40 мл,Товар,8809409343327,8809409343327,да,,,0,,116878605_824089723
131015239_101093583,131015239,"ANGIOPHARM сыворотка АНТИКУПЕРОЗНАЯ СЫВОРОТКА, 5 МЛ для лица 5 мл",Товар,,,да,,,0,,
108973391_831956301,105171151,Charlotte Tilbury Beautiful Skin Sun-kissed Glow Bronzer бронзер 02 Medium,Товар,,,да,,,0,,
117205229_765259936,117205229,Shik тени кремовые SHIK STUDIO Single Eyeshadow Mimosa,Товар,4631171545470,4631171545470,да,,108964146_293428,0,,
114136509_152441039,114136509,Charlotte Tilbury Beauty Blush Wand румяна Pillow talk matte,Товар,,,да,,,0,,
146545546_577568744,146545546,Anua Peach Niacin Spread Cleansing Foam пенка 150 мл,Товар,,,да,,,0,,
164661985_309018165,164661985,Pom7 Smart Hybrid BB Cream BB крем 21 30 мл,Товар,8809298738785,8809298738785,да,,167445633_826959144,0,,
107970148_094097409,107970148,Influence Skinnovation Matte тональный крем 03 бежевый 25 мл,Товар,4602006309765,4602006309765,да,,,0,,
101636132_913878138,101636132,ART SOFFIO карандаш Brow Sculpt 102 Интенсивно-коричневый,Товар,4897045415953,4897045415953,да,,,0,,
115589012_448667873,115589012,563800 15,Товар,,,нет,109450705_627710,,0,,
119102940_924025225,119102940,"Shik PERFECT LIQUID BLUSH Кремовые румяна 3в1: для лица, век и губ румяна 03",Товар,,,да,,,0,,
100856457_15142052,100856457,MEDI-PEEL ампульная сыворотка Peptide 9 Volume Bio Tox Ampoule для лица 100 мл,Товар,8809941820621,8809941820621,да,,"114718714_680782907,101889125_15142052",0,,
101229154_15142052,101229154,Farmstay крем Hyaluronic UV Shield Sun Block SPF50 для лица 70 г,Товар,,,да,,,0,,
102372031_922814,102372031,Farmstay сыворотка Real Avocado Nutrition Oil для лица 100 мл,Товар,8809469776899,8809469776899,да,,,0,,
102733383_678492,102733383,Vivienne Sabo Le Grand Volume блеск для губ 03 Светло-розовый,Товар,,,да,,,0,,
142747096_465003839,142747096,Sen Sulu Lip блеск для губ 04 cherry bomb,Товар,8683077752915,8683077752915,да,,,0,,
142676367_990866601,142676367,K-SECRET крем Seoul 1988 Niacinamide 5% Capsule для лица 50 мл,Товар,8809695240614,8809695240614,да,,,0,,
105631756_843486,122430631,AXIS-Y крем Complete No-Stress SPF50 для лица 50 мл,Товар,8809634610119,8809634610119,да,,,0,,
135112841_163490445,135112841,MAKEUPSTOREKZ Glossy and Matte палетка помад для губ LP01,Товар,2041840779952,2041840779952,да,,,0,,
17500038_15142052,17500038,MISSHA Perfect Cover BB крем 21 50 мл,Товар,8806185793117,8806185793117,да,,105630610_780765,0,,
142747140_502798011,142747140,Sen Sulu Lip блеск для губ 02 peach velvet,Товар,8683077752892,8683077752892,да,,,0,,152998349_050379583
17700530_15142052,17700530,Elizavecca сыворотка Witch Piggy Hell Pore Control для лица 50 мл,Товар,8809418750666,8809418750666,да,,,0,,
112766650_807606064,112766650,ANGIOPHARM эмульсия Active Anti Acne для лица 30 мл,Товар,4603784188931,4603784188931,да,,,0,,
100341003_15142052,100341003,Banila Co Clean It Zero Nourishing бальзам 100 мл,Товар,,,да,,,0,,
109821020_306864,109821020,Pretty Skin крем Super Aqua для лица 70 мл,Товар,,,да,,108993653_158584,0,,
105297595_15142052,105297595,Skin1004 крем Madagascar Centella Air-Fit SPF50 для лица 50 мл,Товар,,,да,,,0,,
100028429_219240,100028429,Etude скраб Baking Powder 200 г,Товар,,,да,,,0,,
132136547_852721777,132136547,"Medicube сыворотка Medicube Triple Collagen Serum для лица, для зоны декольте 55 мл",Товар,8800256114351,8800256114351,да,,,0,,135318977_583644155
112620269_433813911,112620269,Round Lab Mugwort Calming пенка 150 мл,Товар,8809738593080,8809738593080,да,,,0,,116643914_219022842
101300354_238285930,101300354,MIZON Collagen Power Foundation SPF50 тональный крем 21 100 мл,Товар,,,да,,,0,,
100968225_650650,100968225,Пудра RELOUIS HD Powder Fixing transparent рассыпчатая 01 белый,Товар,4810438021135,4810438021135,да,,,0,,
104602180_15142052,104602180,Dr.Ceuracle крем Tea Tree Purifine Green Up Sun SPF50+ PA++++ для лица 50 мл,Товар,8806133615676,8806133615676,да,,110667619_847346,0,,
115938604_757803,115938604,Anua тонер Heartleaf 77% Soothing Toner 150 мл,Товар,8809640731433,8809640731433,нет,113961265_624555,,0,,
106198122_337235443,106198122,Ollin Professional маска Salon Beauty с экстрактом ламинарии 500 мл,Товар,4660077773182,4660077773182,да,,,0,,129331227_181783625
115677359_270860,115677359,Advansed набор по уходу за лицом для женщин,Товар,,,да,,,2,100001268_15142052|COSRX крем Advanced Snail 92 All in one для лица 100 мл|1.0; 105587876_15142052|Beauty of Joseon крем Relief Sun Rice Probiotics SPF50 для лица 50 мл|1.0,
101181023_508663,101181023,MANYO тонер Кислотный очищающий Galactomy Clearskin Toner 210 мл,Товар,,,да,,,0,,
101233910_15142052,101233910,A'pieu крем Pure Block Daily Sun SPF45 для лица 50 мл,Товар,,,да,,,0,,
138124631_775393328,138124631,Round Lab Soybean Panthenol гидрофильное масло 200 мл,Товар,8809962541970,8809962541970,да,,,0,,
117966798_636498763,117966798,Маска для лица LAGOM глиняная White Kaolin Mud 110 мл,Товар,8809450982179,8809450982179,да,,"133867998_896123489,131616484_100067576",0,,
118120732_571417327,118120732,LUXVISAGE Soft kajal super stay карандаш-кайал коричневый BROWN,Товар,4811329046893,4811329046893,да,,,0,,
128092800_430353585,128092800,The Act крем-праймер для укладки термозащита для волос 150 мл,Товар,4678597699745,4678597699745,да,,,0,,
101052902_15142052,101052902,MANYO мист Bifida Ampoule 120 мл,Товар,8809656960728,8809656960728,да,,,0,,
100526959_252871,100526959,JIGOTT носочки для ног Clean & moisturizing 1 пара,Товар,8809541280115,8809541280115,да,,,0,,"104416288_278003,104416318_628063"
128050450_766459950,128050450,The Act паста для укладки для волос 48 мл,Товар,4678597699585,4678597699585,да,,,0,,
101228290_431372,101228290,Farmstay крем AloeVera Perfect SPF50+ PA+++ для лица 70 мл,Товар,,,да,,,0,,
100397052_15142052,100397052,Heimish All Clean White Clay пенка 150 мл,Товар,8809481760548,8809481760548,да,,100371471_15142052,0,,
114817469_236723736,114817469,BIDALLI тонер Vegan Centella Asiatica 160 мл,Товар,8809443286635,8809443286635,да,,,0,,"138247205_140118124,119298346_887098308,119189847_119788968"
102706422_15142052,102706422,MISSHA Magic Cushion Cover Lasting Minion кушон 21 15 г,Товар,8806185776462,8806185776462,да,,,0,,
101232492_329957,101232492,Chupa Chups Candy Glow SPF50 кушон Banana 4.0 Medium 14 г,Товар,,,да,,,0,,
894062,114870489,Viola VANILLA 100 мл,Товар,,,да,,,0,,
17400154_686147,17400154,"Тушь для ресниц Vivienne Sabo Cabaret Premiere для объема, подкручивающая черный",Товар,3700971300624,3700971300624,да,,,0,,
107385975_15142052,111869270,Dr.Cellio BBoyan SPF36 BB крем универсальный 50 мл,Товар,,,да,,,0,,
103479142_551956,103479142,Sulwhasoo Gentle гидрофильное масло 200 мл,Товар,,,да,,,0,,
101052903_682923,101052903,MANYO Bifida Complex Ampoule гель 400 мл,Товар,8809567929722,8809567929722,да,,,0,,
101636167_381894012,101636167,ART SOFFIO карандаш Brow Sculpt 106 Графитовый,Товар,4897045415991,4897045415991,да,,,0,,
141659420_380981523,141659420,AXIS-Y Vita масло-бальзам для губ Chilled Berry,Товар,,,да,,,0,,
115436743_540151236,115436743,Karseell маска Collagen 500 мл,Товар,,,да,,,0,,
110392923_612770672,110392923,The Act маска увлажняющая кофейная для лица 65 мл,Товар,4678599767541,4678599767541,да,,,0,,
115810093_689152367,115810093,RONAS Укрепляющий солнцезащитный SPF38 СС крем универсальный 50 мл,Товар,8809201181516,8809201181516,да,,,0,,
108454531_254386607,108454531,Celimax Derma Nature Relief Madecica pH Balancing пенка 150 мл,Товар,8809975194439,8809975194439,да,,,0,,"142401390_371404835,121088246_952435271"
109821021_603580793,109821021,Celimax сыворотка Dual Barrier Boosting для лица 30 мл,Товар,8809606850482,8809606850482,да,,,0,,"131118389_552853494,121936672_292631276"
115616909_499665737,115616909,Dr. Althea крем 345 Relief для лица 50 мл,Товар,8809447251394,"8809447251394,8809447256221",да,,,0,,"145590079_078466433,154504470_355395512"
143194081_602819894,143194081,The Act тоник Очищающий тоник для лица 200 мл,Товар,4678597699325,4678597699325,да,,,0,,
103102420_15142052,103102420,A'pieu флюид Madecassoside 2X 300 мл,Товар,8809747928828,8809747928828,да,,,0,,117210054_354195343
101095567_15142052,101095567,ENOUGH крем Collagen Moisture Essential для лица 50 мл,Товар,8809755463335,8809755463335,да,,,0,,
100379050_15142052,100379050,COSRX тонер AHA BHA Clarifying Treatment 150 мл,Товар,8809416470030,8809416470030,да,,108680270_991537,0,,
100785554_041373283,100785554,Daeng Gi Meo Ri Vitalizing шампунь 500 мл,Товар,,,да,,,0,,
106770033_014597207,106770033,ANGIOPHARM Niacinamide Serum сыворотка с ниацинамидом для лица проблемной кожи 30 мл,Товар,4603789160789,4603789160789,да,,,0,,
105264937_076989689,105264937,Round Lab крем Soybean Nourishing для лица 80 мл,Товар,,,да,,,0,,"110166232_518422,116878601_000445918"
102836456_304754,102836456,Farmstay пилинг Real Lemon 100 мл,Товар,,,да,,,0,,
140864967_986481312,140864967,Torriden Balanceful Cica Pore пенка 150 мл,Товар,,,да,,,0,,
110542758_110357,110542758,"MEDI-PEEL сыворотка Hyal Kombucha Tea-Tox Ampoule для лица, для зоны декольте 50 мл",Товар,,,да,,,0,,
101742634_277003285,101742634,ITALWAX Алое средняя воск 100 мл,Товар,,,да,,,0,,116849461_939353949
118557291_928918016,118557291,ANGIOPHARM тоник Anti-age tonic 200 мл,Товар,,,да,,,0,,
130989323_982888109,130989323,Anua Ceramide 3 Panthenol крем 100 мл,Товар,,,да,,,0,,
117294740_927124562,117294740,MEDI-PEEL Volume Bio Tox набор по уходу за лицом для женщин,Товар,,,да,,,0,,
109466436_132372973,109466436,ZOEVA набор кистей для макияжа 15 шт.,Товар,,,нет,104172989_503715,,0,,
116918782_221654623,116918782,MIXIT скраб Volcanic Vanilla Sugar для тела 300 мл,Товар,4630194644023,4630194644023,да,,,0,,
103183650_692746,103183650,Farmstay пилинг Real Avocado 100 мл,Товар,8809809800994,8809809800994,да,,,0,,
121222237_692629675,121222237,Round Lab крем Vita Niacinamide Dark Spot для лица 50 мл,Товар,8809962540690,8809962540690,да,,,0,,
116219910_509760182,116219910,Smooth unlimited Elegant quick painting подводка-фломастер черный Black,Товар,,,да,,,0,,
113477643_033375847,113477643,Маска для лица Sulwhasoo пленка Clarifying 35 мл,Товар,,,да,,,0,,
141639637_988216280,141639637,AXIS-Y Vita Glow lip Oil Dreamy Olive масло-бальзам для губ Dreamy Olive,Товар,8809634611086,8809634611086,да,,,0,,
130936589_915119364,130936589,Browfit гель BrowMaster Прозрачный 5 мл,Товар,4870252160113,4870252160113,да,,,0,,
106356867_911278616,106356867,Skin1004 тонер Madagascar Centella Tea-Trica Purifying 210 мл,Товар,8809576261660,8809576261660,да,,,0,,
120332969_181945445,120332969,BIDALLI сыворотка Vegan Hyaluronic Pure Cica для лица 30 мл,Товар,,,да,,,0,,
115294389_244176195,115294389,Influence Glow Injection бальзам оттеночный для губ 03 Radical,Товар,4602006348436,4602006348436,да,,,0,,
134703472_926809994,134703472,Ollin Professional маска L&P SYSTEM Липидная маска для волос 500 мл,Товар,,,да,,,0,,
110872569_321113,38100124,Пудра Coty Airspun Loose Face Powder рассыпчатая 070-24 Translucent 35g. прозрачный,Товар,,,да,,,0,,
101239742_577855,101239742,Dr.Ceuracle Hyal Reyouth Ampoule сыворотка 50 мл,Товар,8806133613986,8806133613986,да,,,0,,
100904421_15142052,100904421,The Saem Avocado крем для тела 300 мл,Товар,8806164165010,8806164165010,да,,,0,,
124408639_532363482,124408639,Tashe маска Маска для волос и кожи головы Rosemary lush 300 мл,Товар,4812413006694,4812413006694,да,,,0,,
101291997_643868452,101291997,Тушь для ресниц RELOUIS Touche для объема черный,Товар,,,да,,,0,,
137510934_283224291,137510934,The Act Набор косметики для ухода за кожей лица набор по уходу за лицом для женщин,Товар,,,да,,,0,,
117709773_277583401,117709773,Bielita-Вiтекс Pink Passion Магия феромонов крем-суфле для тела 200 г,Товар,4813406012111,4813406012111,да,,,0,,"122434668_679154651,121711505_310510652,122564762_175568691,117773681_567082235,132878976_025444423"
117050996_825865498,117050996,"Come inside me So Sweet духи PARFUM 7 мл, для женщин",Товар,,,да,,,0,,"117382773_143054845,117250372_009796355,117120929_258990580,117120989_939171953,117198995_517375355"
116572450_695684326,116572450,Воск пленочный ITALWAX Top Line Argan плотность средняя в гранулах 750 г,Товар,,,да,,,0,,
101022373_179869860,101022373,MANYO крем Bifida Biome Concentrate для области вокруг глаз 30 мл,Товар,8809730950034,8809730950034,да,,,0,,
108361489_15142052,108361489,MANYO ампульная сыворотка Bifida Biome Complex для лица 30 мл,Товар,,,да,,,0,,116878605_824089723
17501020_15142052,17501020,Starway WaterBased Foundation тональный крем 10102 140 мл,Товар,6924476800015,6924476800015,да,,,0,,
100333856_15142052,100333856,MEDI-PEEL сыворотка Bio-Intense Glutathione White Ampoule для лица 30 мл,Товар,,,да,,,0,,
100904293_111267948,100904293,Allies of skin Molecular Silk Amino Hydrating гель 100 мл,Товар,,,да,,,0,,
101286852_15142052,101286852,Deoproce Violet СС крем 13 Light Beige 50 мл,Товар,,,да,,,0,,
101590316_15142052,101590316,MANYO сыворотка Bifida Cica Herb для лица 50 мл,Товар,8809730952007,8809730952007,да,,,0,,
101229074_433770,101229074,Jigott крем Goat Milk Whitening Cream для лица 70 мл,Товар,,,да,,,0,,
105209679_607404275,105209679,Dr. Althea эссенция Natural Radiance Essence 85% 30 мл,Товар,8809447253480,8809447253480,да,,,0,,
102713037_807865,102713037,Essence Juicy Bomb блеск для губ 02 Lovely raspberry,Товар,,,да,,,0,,
110783567_448532587,110783567,Likato Professional крем Niacinamide 11% + Zinc 1% для лица 50 мл,Товар,4603784469504,4603784469504,да,,121456058_283494836,0,,
144221726_510109730,144221726,Sen Sulu гель Eyebrow Wax Clear 10 мл,Товар,8682504115125,8682504115125,да,,,0,,
100384906_15142052,100384906,MISSHA Magic Cushion Moist Up кушон 23 15 мл,Товар,,,да,,100794633_15142052,0,,
116031304_890027491,116031304,ANGIOPHARM Light Hydrophilic гидрофильное масло 100 мл,Товар,4603789161359,4603789161359,да,,,0,,
100267137_389536,100267137,Farmstay Oil-Free UV Defence Sun SPF50 крем для тела 70 мл,Товар,,,да,,,0,,
100796291_436045,100796291,Vivienne Sabo Feutre Fin 801 подводка-фломастер черный 801,Товар,3700971328499,3700971328499,да,,,0,,
101534588_717513831,101534588,The YEON крем Yowoo отбеливающий для лица 100 мл,Товар,8809398632068,8809398632068,да,,,0,,
100825007_311955,100825007,Lumene Color Correcting SPF20 СС крем 0.5 Light 30 мл,Товар,,,да,,,0,,
113525024_282954,113525024,"Тушь для ресниц LAVANT Manifest для объема, удлиняющая черный",Товар,,,да,,,0,,
110526623_724691,110526623,Beauty of Joseon сыворотка Ginseng Moist Sun SPF50 для лица 50 мл,Товар,,,да,,,0,,
119031367_784387325,119031367,Pusy гель Super Fix Gel Clear 5 мл,Товар,4660222452672,4660222452672,да,,,0,,
120249866_084339188,120249866,Celimax крем Oil control moisturising для лица 80 мл,Товар,8809743546880,8809743546880,да,,,0,,
104250390_275076407,104250390,Dr. Althea крем Rapid Firm Sculpting Cream для лица 45 мл,Товар,8809447251745,8809447251745,да,,,0,,117558215_806676528
116878555_437052062,116878555,Come inside me Perfume Type 62 крем для тела 40 мл,Товар,8809783300022,8809783300022,да,,117075406_878702568,0,,
112313209_774256837,112313209,LUXVISAGE ULTRA HD soft focus 12H консилер 11 ivory,Товар,4811329040259,4811329040259,да,,,0,,
105496795_15142052,105496795,Round Lab крем Birch Juice Moisturizing для лица 80 мл,Товар,8809738600221,"8809738600221,8809624726400",да,,,0,,117556608_226125555
106514387_126899,106514387,Skin1004 Madagascar Centella Travel Kit набор по уходу за лицом для женщин,Товар,,,да,,,0,,
120031520_548363027,120031520,"Tocobo сыворотка Cica Calming Sun SPF50 для лица, для зоны декольте 50 мл",Товар,,,да,,137866061_562716635,0,,
104546055_140310196,104546055,"ANGIOPHARM сыворотка Lifting для лица, для зоны декольте 30 мл",Товар,,,да,,,0,,
105500344_575219666,105500344,Skin1004 сыворотка Madagascar Centella Poremizing Fresh для лица 100 мл,Товар,8809576261462,8809576261462,да,,,0,,
113160403_516252624,113160403,CLIO Kill Cover Mesh кушон 03 Linen 15 г,Товар,,,да,,,0,,
106532150_761039284,106532150,LUXVISAGE Active complex SPF10 СС крем 30 Natural 35 мл,Товар,4811329037426,4811329037426,да,,,0,,
104497416_322778,104497416,TONY MOLY Delight Tony Tint тинт для губ 2,Товар,8806358518769,8806358518769,да,,,0,,
100904391_15142052,100904391,Dr.Ceuracle Pro Balance Creamy Deep пенка 150 мл,Товар,8806133613948,8806133613948,да,,,0,,117210045_985906823
142742913_933554611,142742913,Sen Sulu Kiss sculpt карандаш 03 walnut brown,Товар,8683077752977,8683077752977,да,,,0,,
116906534_251098171,116906534,Come inside me Perfume Type 89 крем для тела 40 мл,Товар,8809783300015,8809783300015,да,,117104559_979996275,0,,
103047036_15142052,103047036,MANYO тонер Blackhead Pore 210 мл,Товар,,,да,,,0,,
103256548_916250608,103256548,Ollin Professional Style Medium спрей-воск средняя фиксация 150 мл,Товар,4660077970468,4660077970468,да,,,0,,
100680019_830380328,100680019,ITALWAX Pour Homme плотная воск 1000 г,Товар,,,да,,,0,,
100682519_891114016,100682519,ITALWAX Натуральный плотность средняя в гранулах 1000 г,Товар,,,да,,,0,,
103344133_230528479,103344133,The Act скраб антицеллюлитный кофейный шоколад для тела 300 г,Товар,4678599767640,4678599767640,да,,,0,,129087331_069017972
119751432_251519499,119265674,"D'Alba сыворотка White Truffle Royal Intensive Serum для лица, для зоны декольте 60 мл",Товар,,,да,,118627982_816922513,0,,
101835264_15142052,101835264,LAGOM крем Cellus White Moisture для лица 50 мл,Товар,8809450982056,8809450982056,да,,,0,,
100019516_15142052,100019516,JIGOTT крем Collagen Healing для лица 100 мл,Товар,,,да,,,0,,
104067981_387214,104067981,AXIS-Y сыворотка Dark Spot Correcting Glow для лица 50 мл,Товар,8809634610034,8809634610034,да,,"146423146_934587564,148476529_557128702,140818908_105649745,161090107_962176477,158532399_218118812,158804314_554499284,156700870_357179842,152263372_817951557",0,,"117558215_806676528,131656902_296399023"
114802018_857638959,114802018,BIDALLI крем Vegan Panthenol Daily Repair для лица 80 мл,Товар,8809563068845,8809563068845,да,,,0,,
106250026_390984,106250026,Shik спонж капля синтетический ворс 1 шт,Товар,,,да,,"102358101_644900,108229287_959681782",0,,
117210041_064571629,117210041,Skin1004 Madagasar Centella Tone Brightening набор по уходу за лицом для женщин,Товар,,,да,,,4,104951809_975250|Skin1004 тонер Tone Brightening Boosting Toner 210 мл|1.0; 104951688_15142052|Skin1004 Madagascar Centella Tone Brightening гель-пенка 125 мл|1.0; 106500145_15142052|Skin1004 крем Madagascar Centella Tone Brightening Capsule для лица 75 мл|1.0; 106057233_024440966|Skin1004 крем Madagascar Centella Tone Brightening SPF50 для лица 50 мл|1.0,
100084262_15142052,100084262,MISSHA Super Aqua Ultra Hyalron пенка 200 мл,Товар,8809643507226,8809643507226,да,,101125612_548500,0,,
141098292_384660367,141098292,The Act Дымка мист для волос с ароматом мист 50 мл,Товар,4678597699950,4678597699950,да,,,0,,
100202390_541845130,100202390,MEDI-PEEL крем Melanon X для лица 30 мл,Товар,,,да,,138993663_460773879,0,,
142742795_263778409,142742795,Sen Sulu Kiss sculpt карандаш 01 dark chocolate,Товар,8695293984530,8695293984530,да,,,0,,
100985499_657741,100985499,LAGOM крем Cellus Deep Moisture для лица 60 мл,Товар,,,да,,,0,,
120923677_343816516,120923677,The Act гель для умывания от прыщей для лица 150 мл,Товар,4678597499161,4678597499161,да,,,0,,
103491197_952455239,103491197,"Marc-Antoine Barrois Ganymede парфюмерная вода EDP 30 мл, унисекс",Товар,,,да,,,0,,
123029190_669041107,123029190,Sen Sulu Waterproof Eyeliner подводка черный Black,Товар,8682504114852,8682504114852,да,,,0,,152998349_050379583
143649322_758949064,143649322,"Round Lab крем Round lab baby mild cream, детский мягкий крем для лица, для области вокруг глаз, для зоны декольте 200 мл",Товар,,,да,,,0,,
131455752_750838693,131455752,The Act обёртывание антицеллюлитное холодное для тела 250 г,Товар,4678597888095,4678597888095,да,,,0,,
142744055_233461010,142744055,Sen Sulu Kiss sculpt карандаш 07 silk nude,Товар,,,да,,,0,,
114981220_780843937,114981220,Dr. Althea Double Serum Balm Foundation кушон 21 12 г,Товар,8809447254586,8809447254586,да,,,0,,
115630610_850662230,115630610,Maybelline New York SuperStay Vinyl Ink жидкая помада 115,Товар,30147508,30147508,да,,,0,,
142742836_558309348,142742836,Sen Sulu Kiss sculpt карандаш 02 espresso glow,Товар,8683077752960,8683077752960,да,,,0,,152998349_050379583
107223414_503014232,107223414,Тушь для ресниц Maybelline New York Lash Sensational Burgund Бургунди для объема бордовый,Товар,3600531143459,3600531143459,да,,,0,,
101534137_843570,101534137,ENOUGH Gold Snail Moisture Foundation SPF30 PA ++ тональный крем 21 100 мл,Товар,,,да,,,0,,
100094847_961081605,100094847,Catrice HD Liquid Coverage тональный крем 020 Rose Beige 30 мл,Товар,,,да,,,0,,
145532325_576034571,145532325,Tashe Спрей термозащита для волос 15 в 1 спрей 200 мл,Товар,4812413007875,4812413007875,да,,,0,,
100918070_987409514,100918070,Ollin Professional Perfect Hair Tres масло 50 мл,Товар,4627115395935,4627115395935,да,,,0,,
109664621_105660,109664621,Skin1004 ампульная сыворотка Madagascar Centella Probio-Cica Intensive для лица 50 мл,Товар,8809576261752,8809576261752,да,,,0,,
104104030_676103,104104030,The Act скраб антицеллюлитный с тмином для тела 300 г,Товар,4678599767275,4678599767275,да,,,0,,115064234_405847
138971976_380949175,138971976,"K-SECRET крем Sun Pine Tree + SEOUL 1988 Ceramide, для лица 50 мл",Товар,8809695240669,8809695240669,да,,,0,,
100267131_15142052,100267131,Deoproce гель Hyaluronic Cooling SPF50 для лица 50 г,Товар,8809738318256,8809738318256,да,,,0,,
112685504_790229,112685504,Маска для лица TOO COOL FOR SCHOOL пленка Pumpkin Purifying 24K Mask 30 мл,Товар,,,да,,,0,,
115318389_248058711,115318389,Celimax сыворотка Pore Dark Spot Brightening для лица 30 мл,Товар,8809875907412,8809875907412,да,,,0,,137036304_800357788
118214728_616023698,118214728,Anua сыворотка Nano Retinol 0.3% + Niacin Renewing Serum для лица 30 мл,Товар,,,да,,,0,,
142743852_655344671,142743852,Sen Sulu Kiss sculpt карандаш 06 warm embrace,Товар,8683077753004,8683077753004,да,,,0,,
104228736_539395,104228736,Round Lab Soybean гидрофильное масло 200 мл,Товар,8809783322130,8809783322130,да,,,0,,"110166232_518422,116878601_000445918"
103916690_15142052,103916690,BERGAMO Magic Snail SPF50 BB крем универсальный 50 мл,Товар,8809180015772,8809180015772,да,,"139490008_235407921,133560420_202377087,144920984_917339729,145321583_709711626",0,,
101382403_15142052,101382403,Beauty of Joseon крем Dynasty для лица 50 мл,Товар,8809525249565,8809525249565,да,,,0,,115841574_239537
107266967_619170,107266967,ANNA ROSE Wood карандаш 27,Товар,,,да,,,0,,
100710859_663911,100710859,FFLEUR Dip Eyeliner подводка черный E10D Black,Товар,4710945580616,4710945580616,да,,,0,,
117199020_894946439,117199020,"Come inside me Deep Purple парфюмерное масло 7 мл, для женщин",Товар,,,да,,,0,,"117382773_143054845,117250372_009796355,117199007_878384693,117198958_523503720,117198995_517375355"
110186673_950989144,110186673,Torriden сыворотка Dive In Low Molecular Hyaluronic Acid для лица 50 мл,Товар,,,да,,,0,,
100339124_15142052,100339124,Some by Mi крем Aha Bha Pha 30 Days Miracle для лица 60 мл,Товар,8809326334224,8809326334224,да,,,0,,
167304570_548379550,167304570,Pom7 Smart Hybrid HD cushion Foundation 23 кушон 23 15 г,Товар,8809136718887,8809136718887,да,,,0,,
147642977_134484491,147642977,BIDALLI сыворотка Vitamin C+ 5% Niacinamide serum для лица 50 мл,Товар,8809443285638,8809443285638,да,,147664332_918086088,0,,
100384853_620549,21900544,Farmstay Cucumber пенка 180 мл,Товар,,,да,,,0,,
116788643_430703846,116788643,ANGIOPHARM Silk Amino Acids гель 50 мл,Товар,4603789161212,4603789161212,да,,,0,,
104546746_558752871,104546746,ANGIOPHARM Enzyme энзимная пудра 40 г,Товар,4603784188900,4603784188900,да,,,0,,
100233506_917915517,100233506,Inglot AMC Eyeliner Gel подводка черный 77,Товар,5907587149779,5907587149779,да,,,0,,
153379577_183879786,153379577,Dr. Althea сыворотка Retinol Flat Iron Eye Roller Сыворотка-Роллер с Ретинолом Вокруг Глаз 25ml для области вокруг глаз 25 мл,Товар,8809447256658,8809447256658,да,,,0,,
110843834_565191445,110708897,Topface воск Brow Styling Прозрачный,Товар,8681217250666,8681217250666,да,,,0,,
104545949_924033623,104545949,ANGIOPHARM Cleansing Foam пенка 160 мл,Товар,4660307840288,4660307840288,да,,,0,,
102681459_214021,102681459,Тушь для ресниц Vivienne Sabo Cabaret Latex для объема черный,Товар,3700971363520,3700971363520,да,,,0,,
106681706_808999,106681706,Compliment Therapy гидрофильное масло 150 мл,Товар,4607953969031,4607953969031,да,,,0,,
114044174_494133092,114044174,Maybelline New York SuperStay Vinyl Ink жидкая помада 35,Товар,30153219,30153219,да,,,0,,
108527127_971085,108527127,Dr.Ceuracle Vegan Kombucha Tea Beginning Set mini набор по уходу за лицом для женщин,Товар,8806133615553,8806133615553,да,,,0,,"115841551_203520,115412682_888592,115260974_438754,786853134,115794763_408156"
118878142_384202270,118878142,Celimax Noni Starter Kit набор по уходу за лицом унисекс,Товар,8809971482349,8809971482349,да,,,0,,
100486733_544996,100486733,Heimish Artless Glow base SPF50 основа под макияж для лица 40 мл,Товар,8809481760463,8809481760463,да,,142608514_793195874,0,,
105297575_830501,105297575,Round Lab Skin Care Basic Set набор по уходу за лицом для женщин,Товар,,,да,,,0,,
108748815_260208,108748815,Round Lab крем Birch Juice Moisturizing Tone-Up SPF50 для лица 50 мл,Товар,8809864769977,8809864769977,да,,,0,,
110576316_479659,110576316,MEDI-PEEL тонер Hyal Kombucha Tea-Tox 150 мл,Товар,8809409342474,8809409342474,да,,,0,,
121424652_168403463,121424652,ANGIOPHARM крем с транексамовой кислотой для лица 50 мл,Товар,4603789162301,4603789162301,да,,,0,,
24800237_749947886,24800237,MISS TAIS Mauve карандаш 780,Товар,,,да,,,0,,
112407219_931094302,112407219,ANGIOPHARM крем Anti-Couperose Cream для лица 7 мл,Товар,,,да,,,0,,
143144658_327095519,143144658,The Act Шампунь и кондиционер набор для волос Balance набор по уходу за волосами унисекс,Товар,4630420060320,4630420060320,да,,,0,,
100155528_754391212,100155528,MISS TAIS Mauve карандаш 765,Товар,,,да,,,0,,
130112467_907050890,130112467,The Act набор шампунь и скраб Detox для волос 480 мл,Товар,4678597699820,4678597699820,да,,,0,,
148331810_223266238,148331810,AXIS-Y крем TXA 2.5% Intensive Brightening Cream для лица 50 мл,Товар,8809634611178,8809634611178,да,,"149575445_237971878,161594504_565889942",0,,
104765457_15142052,104765457,Skin1004 ампульная сыворотка Madagascar Centella Ampoule для лица 55 мл,Товар,8809576260601,8809576260601,да,,,0,,"109089122_15142052,117040104_545098848,117524726_515345253,117524736_846606362,131118366_083460218,117524727_243310155"
17501005_15142052,17501005,ENOUGH Collagen Moisture Foundation SPF15 тональный крем 21 100 мл,Товар,8809280062379,8809280062379,да,,,0,,
100841016_15142052,100841016,JIGOTT Aloe Sun Protect SPF41 BB крем Универсальный 50 мл,Товар,8809210030430,8809210030430,да,,,0,,
104074413_15142052,104074413,ENOUGH Rich Gold Double Wear Radiance Foundation SPF50 тональный крем 13 100 мл,Товар,,,да,,,0,,
110202979_707930444,110202979,By Wishtrend Green Tea & Enzyme Milky пенка 140 мл,Товар,8809572891564,8809572891564,да,,,0,,
100131923_300114550,100131923,Makeup Revolution тени прессованные Reloaded Velvet Rose,Товар,,,да,,,0,,
111164641_114774,111164641,Loreal Paris Infaillible 32H Fresh Wear SPF25 тональный крем 30 30 мл,Товар,,,да,,,0,,
100856505_770173,100856505,Farmstay пилинг Real Green Tea 100 мл,Товар,8809809801007,8809809801007,да,,,0,,
143120177_700066926,143120177,The Act сыворотка Сыворотка кислотная отшелушивающая для лица для лица 50 мл,Товар,4630420060191,4630420060191,да,,,0,,
117297087_284387554,117297087,Маска для лица Biodance гидрогелевая Bio-Collagen Real Deep Mask 1 шт,Товар,,,да,,,0,,
21900269_411826,21900269,Dr. Jart Dermaclear Micro pH Balancing Neutre мусс 120 мл,Товар,8809933611657,8809933611657,да,,"117865886_958247202,105202775_224623",0,,
135895857_508888719,135895857,VOIS Papaya энзимная пудра 120 мл,Товар,2037346541551,2037346541551,да,,"144138060_372558978,116051564_629200141",0,,
101389475_15142052,101389475,Beauty Of Joseon Repair Serum Ginseng + Snail Mucin сыворотка 30 мл,Товар,,,да,,,0,,
110650724_382893467,110650724,"Round Lab сыворотка Soybean Nourishing Serum для лица, для зоны декольте 50 мл",Товар,8809738593240,8809738593240,да,,,0,,116878601_000445918
102782324_231365,102782324,Compliment Sensitive гидрофильное масло 150 мл,Товар,4630049641580,4630049641580,да,,,0,,
130283297_193628176,130283297,AXIS-Y крем Dark Spot Correcting Glow для лица 50 мл,Товар,8809634610966,8809634610966,да,,"137800057_970686376,156852481_644591008,158648216_035284893",0,,
129957721_036567616,129957721,"Tashe кондиционер Кондиционер для волос 2 в 1 Tashe professional ""Сardamon"" 300 мл",Товар,4812413007042,4812413007042,да,,,0,,
112321491_119885,112321491,PRE MORE Natural Cover BB крем Vanilla Nude 50 мл,Товар,8809875907023,8809875907023,да,,,0,,
142671671_235052631,142671671,Skin1004 сыворотка Niacinamide 10% Boosting Shot Ampoule Сыворотка с Ниацинамидом Спикулами Центеллы и Транексамовой Кислотой 30ml для лица 30 мл,Товар,8809913832492,8809913832492,да,,,0,,
124126592_736213899,124126592,Tashe маска Маска-сыворотка для волос Tashe professional 300 мл,Товар,4812413006809,4812413006809,да,,,0,,
138971811_531072210,138971811,Крем SEOUL 1988 Retinal Liposome 4% + Fermented Bean для области вокруг глаз 30 мл,Товар,8809695240577,8809695240577,да,,145924409_442390856,0,,
101106172_191464659,101106172,"Тушь для ресниц Vivienne Sabo Cabaret Premiere 05 для объема, подкручивающая коричневый",Товар,,,да,,,0,,
101609107_15142052,101609107,Etude House ложка уно,Товар,,,да,,108419836_15142052,0,,
140859883_673820792,140859883,"VT бальзам Pdrn Essence Stick Balm для лица, для области вокруг глаз 9.5 г",Товар,,,да,,,0,,
104191778_688360614,104191778,COSRX эссенция Advanced Snail Radiance Dual 80 мл,Товар,8809598452053,8809598452053,да,,,0,,
103580229_853432109,103580229,Sur Medic Azulene Soothing pH гель 150 мл,Товар,8809653242162,8809653242162,да,,,0,,
137398767_639901075,137398767,"Round Lab крем Camellia Deep Collagen Sun Serum SPF50+ для лица, для зоны декольте 50 мл",Товар,8809962542212,8809962542212,да,,,0,,
100907744_15142052,100907744,MEDI-PEEL тонер Cell Toxing Dermajours 250 мл,Товар,,,да,,,0,,
115150206_526958213,115150206,Torriden Balanceful гель 200 мл,Товар,8809784600824,8809784600824,да,,,0,,
115433419_614945,115433419,"ART SOFFIO Top Palette румяна, бронзер, хайлайтер, набор для контуринга 02 Ванильная Роза",Товар,,,нет,104402695_734497,,0,,
104547125_792675684,104547125,ANGIOPHARM Multipeptide Anti Aging Cream крем 50 мл,Товар,4603784188320,4603784188320,да,,,0,,
146846442_804959866,146846442,"Dr. Althea крем Dr.Althea Aqua Marine Watery Cream для лица, для области вокруг глаз, для зоны декольте 50 мл",Товар,8809447256085,8809447256085,да,,,0,,
121221760_606527031,121221760,Round Lab сыворотка Vita Niacinamide Dark Spot для лица 30 мл,Товар,8809962540652,8809962540652,да,,,0,,
122959617_324760039,122959617,Celimax Dual Barrier Trial Kit набор по уходу за лицом унисекс,Товар,8809606852332,8809606852332,да,,,0,,
104547286_143958246,104547286,"ANGIOPHARM крем Comfort Omega 3-6-9 для лица, для зоны декольте 50 мл",Товар,,,да,,,0,,
133062424_403973172,133062424,Skin1004 крем POBIO-CICA Glow Sun Cream SPF50+ Солнцезащитный Ампульный Крем с Пробиотиками 50ml для лица 50 мл,Товар,8809913830573,8809913830573,да,,,0,,
141223392_260679706,141223392,By Wishtrend тонер Mandelic Acid Gentle Exfoliating 150 мл,Товар,8809572890352,8809572890352,нет,100397079_628164,,0,,
145162574_361951602,145162574,"Celimax пилинг Dark Spot Brightening Pad ,80 Pads, 175 мл",Товар,8809743547467,8809743547467,да,,145913078_901448087,0,,
109719050_598354,109719050,Skin1004 крем Probio Cica Enrich для лица 50 мл,Товар,8809576261769,8809576261769,да,,,0,,117040093_503664821
101742289_964063865,101742289,ITALWAX Азулен средняя пленочный воск 500 г,Товар,8032835163195,8032835163195,да,,,0,,
112709533_350790083,112709533,Torriden тонер Dive In Low Molecular Hyaluronic Acid 300 мл,Товар,8809504743237,8809504743237,да,,,0,,
100682518_988076024,100682518,ITALWAX Азулен средняя пленочный воск 1000 г,Товар,8032835163058,8032835163058,да,,,0,,
106586703_007525244,106586703,AXIS-Y Sunday Morning Refreshing Cleansing пенка 120 мл,Товар,8809634610096,8809634610096,да,,"142354580_234235480,145309859_217511372,122862984_588115133,145066796_635704617",0,,
106936342_150122,106936342,Пудра Gabrini Matte Powder сухая 02 бежевый,Товар,,,да,,103033575_505523,0,,
117085404_454243187,117085404,"Lattafa Perfumes Fakhar Extrait Lattafa Perfumes парфюмерная вода EDP 100 мл, для женщин",Товар,,,да,,,0,,
100541514_167716,100541514,Тушь для ресниц Loreal Paris Volume Millions Lashes Feline для объема черный,Товар,,,да,,100541742_262797,0,,
138753935_355170392,138753935,Dr. Althea крем Aqua Glowing Sunscreen для лица 45 мл,Товар,8809447255828,8809447255828,да,,,0,,
167271202_507558498,167271202,Pom7 Smart Hybrid HD cushion Foundation кушон 21 15 г,Товар,8809136718870,8809136718870,да,,,0,,
110336124_393327,110336124,O HUI пилинг Extreme Bright 60 мл,Товар,,,да,,,0,,
100001281_15142052,100001281,COSRX эссенция Advanced Snail 96 Mucin Power 100 мл,Товар,8809416470009,8809416470009,да,,,0,,112052640_128003
100985502_15142052,100985502,LAGOM тонер Cellus Mist 120 мл,Товар,,,да,,103521882_15142052,0,,
100308802_15142052,100308802,ENOUGH крем Collagen Whitening Moisture 3 in1 для лица 50 мл,Товар,,,да,,,0,,
100322581_15142052,103379469,Banila Co Clean It Zero Cleansing Balm Revitalizing бальзам 100 мл,Товар,,,да,,,0,,
101481415_15142052,101481415,Dr.Ceuracle Pro Balance Pure Deep гидрофильное масло 155 мл,Товар,8806133613375,8806133613375,да,,,0,,117210045_985906823
116241622_843290020,116241622,Beauty of Joseon Radiance бальзам 100 мл,Товар,8809606851663,8809606851663,да,,,0,,
100106918_15142052,100106918,MEDI-PEEL крем Volume Tox Peptide 9 для лица 50 г,Товар,8809941820447,8809941820447,да,,"114718800_020025683,121606401_786928818,132136827_871442029",0,,"116878605_824089723,116126978_826125616,115383635_071264482"
133560082_290522746,133560082,"Celimax крем Pore Dark Spot Brightening Care Sun SPF50 для лица, для зоны декольте 50 мл",Товар,8809971484510,8809971484510,да,,,0,,
114466905_861688,114466905,Anua Heartleaf Quercetinol Pore Deep пенка 150 мл,Товар,8809640734427,8809640734427,да,,,0,,
105850354_445668,105850354,Round Lab тонер Soybean Nourishing 300 мл,Товар,8809624726370,8809624726370,да,,,0,,"110166232_518422,116878601_000445918"
104545502_073304030,104545502,ANGIOPHARM тоник Active Sensitive Tonic 200 мл,Товар,,,да,,,0,,
103774129_005314790,103774129,ATOPALM MLE Cream крем 100 мл,Товар,8809048412545,8809048412545,да,,,0,,
100682520_373128913,100682520,ITALWAX Top Line Crystal средняя пленочный воск 750 г,Товар,,,да,,,0,,
105501423_335945803,105501423,LUXVISAGE Prime Expert Glow Skin основа под макияж для лица 35 мл,Товар,4811329036955,4811329036955,да,,,0,,
114095685_291701642,114095685,Tashe Stimulation шампунь 300 мл,Товар,4812413000937,4812413000937,да,,136159168_115707901,0,,"151080381_674955211,114344109_168968830,113875254_692279348"
116031306_033767622,116031306,ANGIOPHARM тоник Balancing Tonic 50 мл,Товар,,,да,,,0,,
103024824_363300,103024824,Deoproce Floral Calming гидрофильное масло 200 мл,Товар,,,да,,,0,,
103730816_376157,103730816,Dr.Ceuracle крем Royal Vita Propolis 33 Capsule для области вокруг глаз 20 мл,Товар,,,да,,,0,,
111561068_715317363,111561068,Liv Delano Lost Cherry гель 250 мл,Товар,4811248011026,4811248011026,да,,,0,,114394683_221834688
106675535_15142052,106675535,MEDI-PEEL сыворотка Algo-Tox Formula Intensive для лица 30 мл,Товар,8809409348575,8809409348575,да,,,0,,
102793064_435123,102793064,Maybelline New York Lifter Gloss блеск для губ 001 Pearl,Товар,,,да,,,0,,
116777525_583612228,116777525,Pusy гель Brow Fix Gel Clear,Товар,4660222450111,4660222450111,да,,115739393_942974340,0,,
134518522_187275270,134518522,Skin1004 крем-гель Centella Tea-Trica для лица 50 мл,Товар,8809913830610,8809913830610,да,,142469047_789806009,0,,
138971614_867214692,138971614,Крем SEOUL 1988 Retinal Liposome 1% для лица 50 мл,Товар,8809695240584,8809695240584,да,,,0,,
104602163_15142052,104602163,MEDI-PEEL тонер Bio-Intense Glutathione White Toner Осветляющий с глутатионом 180 мл,Товар,8809409348315,8809409348315,да,,,0,,
143002340_499875353,143002340,"K-SECRET сыворотка SEOUL 1988 для лица, для зоны декольте 30 мл",Товар,8809695240621,8809695240621,да,,,0,,
108242577_942755122,108242577,D'Alba сыворотка White Truffle Prime для лица 50 мл,Товар,8809563069354,8809563069354,да,,,0,,
140943468_799466395,140943468,Sen Sulu глиттер прессованные Sparkle mood 04 Rosy Peach,Товар,8682504115135,8682504115135,да,,,0,,
17500176_15142052,17500176,CROME Snail SPF50 BB крем универсальный 50 мл,Товар,8809435400667,8809435400667,да,,,0,,
107623855_15142052,107623855,Round Lab тонер 1025 Dokdo 500 мл,Товар,,,да,,,0,,
105850608_214349,105850608,Round Lab крем Birch Juice Mild-Up SPF50 для лица 50 мл,Товар,8809782558523,8809782558523,да,,,0,,
100141671_265616000,100141671,Farmstay крем Black Snail All in One Cream для лица 100 мл,Товар,,,да,,,0,,
115064209_291287889,115064209,The Act Beauty box набор для тела для женщин,Товар,4678597699998,4678597699998,да,,130112492_819532346,0,,
106350389_15142052,106350389,Skin1004 тонер Madagascar Centella Poremizing Clear 210 мл,Товар,8809576261455,8809576261455,да,,,0,,117243693_345581291
105477821_104322,105477821,CU Skin крем Clean-Up Retinol Activator for Eye для области вокруг глаз 15 мл,Товар,,,да,,,0,,
105083947_297929,105083947,SKIN&LAB Porebarrier бальзам 100 мл,Товар,,,да,,,0,,
140943262_382853927,140943262,Sen Sulu глиттер прессованные Sparkle mood 01 Silver Glow,Товар,8683077752571,8683077752571,да,,,0,,
112478126_338711251,112478126,Round Lab Cica pine пенка 150 мл,Товар,8809864754126,8809864754126,да,,,0,,
114423602_799370,114423602,Anua крем Heartleaf Silky Moisture Sun SPF50 для лица 50 мл,Товар,,,да,,,0,,
120769014_027534156,104958422,Dr. Althea крем 147 Barrier для лица 50 мл,Товар,8809447256795,8809447256795,да,,,0,,
102662963_15142052,102662963,Aroma Home Морская соль 50 мл,Товар,,,да,,,0,,
124126862_292295634,124126862,"Tashe маска Маска-реставратор для волос Tashe professional, 300мл 300 мл",Товар,4812413004461,4812413004461,да,,,0,,
104381027_088984968,104381027,ONE THING тонер Centella Asiatica Extract 150 мл,Товар,8809704190046,8809704190046,да,,,0,,
100736704_906042364,100736704,LUXVISAGE Prime Fix фиксатор макияжа для лица 50 мл,Товар,4811329030038,4811329030038,да,,,0,,
100008645_247922,100008645,Ollin Professional Perfect Hair 15 в 1 крем-спрей 250 мл,Товар,4627115395973,4627115395973,да,,,0,,"115072616_745091210,116988854_329986080,116988822_831582405"
108849437_101875,108849437,PRE MORE Pure энзимная пудра 100 г,Товар,,,да,,,0,,
142678365_583846962,142678365,Anua крем PDRN Hyaluronic Acid 100 Moisturizing Cream для лица 60 мл,Товар,8809640738135,8809640738135,да,,151221286_195938888,0,,
118638257_528526335,118638257,The Act блеск-масло увлажняющее прозрачное для губ 6 мл,Товар,4678597499321,4678597499321,да,,,0,,
106500145_15142052,106500145,Skin1004 крем Madagascar Centella Tone Brightening Capsule для лица 75 мл,Товар,8809576261615,8809576261615,да,,,0,,"117210041_064571629,113551642_604203726,109089132_416810544"
101300514_15142052,101300514,MIZON Collagen Power Foundation SPF50 тональный крем 13 100 мл,Товар,8809605872171,8809605872171,да,,,0,,
100682513_212710632,100682513,ITALWAX Роза плотность средняя в гранулах 1000 г,Товар,8032835163034,8032835163034,да,,,0,,
111044000_114399802,111044000,MEDI-PEEL сыворотка Aqua Mooltox Water-Fit Sun Serum SPF50 для лица 50 мл,Товар,,,да,,,0,,
21900309_800533,21900309,TONY MOLY Clean Dew Red Grapefruit пенка 180 мл,Товар,8806194005133,8806194005133,да,,,0,,
117120119_767809979,117120119,"Dr. Jart для проблемной кожи, воспалений, против акне набор по уходу за лицом для женщин",Товар,,,нет,119351095_569770748,,0,,
101695221_15142052,101695221,CELLIO крем Waterproof Daily Sun SPF50 для лица 70 мл,Товар,8809173342663,8809173342663,да,,,0,,
100202394_15142052,100202394,MEDI-PEEL крем Active Silky X3 Formula SPF50 для лица 50 мл,Товар,8809941825602,8809941825602,да,,,0,,
106397701_364762803,106397701,Ollin Professional Smooth Hair спрей слабая фиксация 150 мл,Товар,4660077772574,4660077772574,да,,,0,,
142769236_809093736,142769236,Sen Sulu Lip блеск для губ 01 silk kiss,Товар,8683077752885,8683077752885,да,,,0,,
110094067_224458,110094067,Sen Sulu воск Eyebrow Shaper Wax прозрачный 50 мл,Товар,8683077752922,8683077752922,да,,,0,,
100371550_481049,100371550,Патчи MEDI-PEEL гидрогелевые Hyaluron Aqua Peptide 9 увлажняющие 60 шт,Товар,8809409343662,8809409343662,да,,,0,,
120194458_533626098,120194458,"ANGIOPHARM крем Солнцезащитный крем SPF 50 для лица, для зоны декольте 50 мл",Товар,,,да,,,0,,
105850393_892344745,105850393,Round Lab сыворотка 1025 Dokdо Ampule для лица 45 г,Товар,8809657115479,8809657115479,да,,,0,,"109116519_473452028,109993984_475877,116339217_842305972"
115039677_139794958,115039677,DRAWSHE Blue Diamond кушон 01 30 г,Товар,,,да,,,0,,
110462548_468528,110462548,"Dr.Ceuracle гель Cica Regen Waterproof Sun SPF50 для лица, для области вокруг глаз, для зоны декольте 100 мл",Товар,,,да,,,0,,
103484551_15142052,103484551,GIINSU крем Miracle Cream The heatlh care whitering для лица 50 мл,Товар,8809962811103,8809962811103,да,,,0,,
102591198_313720,102591198,Topface тени прессованные Pro palette eyeshadow 019,Товар,8681217243002,8681217243002,да,,,0,,
107360962_416128983,107360962,Essential Parfums Nice Bergamote парфюмерная вода EDP 100 мл,Товар,,,да,,,0,,
101616748_383768751,101616748,ART SOFFIO Make-Up Soffio S-68-137 Сияющий Малахит,Товар,,,да,,,0,,
106532089_145320247,106532089,LUXVISAGE Active complex SPF10 СС крем 20 Beige 35 мл,Товар,4811329037419,4811329037419,да,,,0,,
108620896_15142052,108620896,Round Lab 1025 Dokdo молочко для снятия макияжа 200 мл,Товар,,,да,,,0,,109116519_473452028
114423608_326628387,114423608,Anua сыворотка Peach 70% Niacin для лица 30 мл,Товар,8809640733550,8809640733550,да,,,0,,115794723_243922462
100319701_439766,100319701,Compliment Naturalis 3в1 с перцем маска 500 мл,Товар,,,да,,"101475137_760469,101475134_375495",0,,
111045099_797955,111045099,MEDI-PEEL крем Retinol Collagen Lifting для лица 50 г,Товар,8809941826678,8809941826678,да,,133316905_128911560,0,,115231115_410385882
17601476_15142052,17601476,Jigott Snail Lifting крем 70 мл,Товар,8809210034124,8809210034124,да,,,0,,
100831442_300027,100831442,Пудра ENOUGH Collagen Whitening Moisture Two Way Cake SPF28 сухая 21 бежевый,Товар,,,да,,,0,,
100682509_865397493,100682509,ITALWAX Розовый жемчуг средняя пленочный воск 750 г,Товар,,,да,,,0,,
101965245_732885,101965245,Маска для лица Dr. Jart тканевая Vital Hydra Solution 5 шт,Товар,,,да,,,1,101095500_299633|Dr. Jart тканевая Vital Hydra Solution 1 шт|5.0,
115730381_287121413,143308787,Маска для лица Round Lab тканевая 1025 Dokdo Water 10 шт,Товар,,,да,,,1,105257937_196152557|Round Lab тканевая 1025 Dokdo Water Gel 1 шт|10.0,
101889227_15142052,101889227,Dr.Ceuracle крем 5a Control Clearing Cream для лица 50 г,Товар,8806133614808,8806133614808,да,,,0,,
104951688_15142052,104951688,Skin1004 Madagascar Centella Tone Brightening гель-пенка 125 мл,Товар,8809576261189,8809576261189,да,,,0,,"117210041_064571629,109089132_416810544"
118331663_555754081,118331663,Sen Sulu Shimmering блеск для губ 03 Muse,Товар,8682504114685,8682504114685,да,,,0,,
104421562_645347868,104421562,GOLDEN ROSE Make-up Fixing Spray фиксатор макияжа для лица 120 мл,Товар,8691190539719,8691190539719,да,,,0,,
100372639_15142052,100372639,MANYO сыворотка Galactomy Niacin для лица 50 мл,Товар,8806135247035,8806135247035,да,,,0,,
105117188_933566180,105117188,"Lattafa Perfumes Qaed Al Fursan парфюмерная вода EDP 90 мл, для мужчин",Товар,,,да,,,0,,
118331570_399036660,118331570,Sen Sulu Shimmering блеск для губ 02 Boni,Товар,8682504114678,8682504114678,да,,,0,,
102654764_922645186,102654764,LUXVISAGE Prime Expert Anti Red основа под макияж для лица 35 мл,Товар,4811329034760,4811329034760,да,,,0,,
104546078_448804111,104546078,ANGIOPHARM крем Eye Multipeptide Anti Aging для области вокруг глаз 30 мл,Товар,4603784188313,4603784188313,да,,,0,,
114270043_125753858,114270043,Celimax эссенция Oil Control Capsule 30 мл,Товар,,,да,,136332509_827535514,0,,
118306092_857327629,118306092,Celimax сыворотка Cica Niacinamide AC Calming Serum для лица 40 мл,Товар,8809743544626,8809743544626,да,,111971120_468077947,0,,
119001409_555868009,119001409,The Act сыворотка-флюид для сияния кожи для лица 50 мл,Товар,4678597699929,4678597699929,да,,,0,,
109724462_884950,109724462,ART SOFFIO тени прессованные Creates Graphics 03 Сатиновый коричневый,Товар,,,да,,,0,,
116403425_536314977,119882747,Sen Sulu гель Brow Fix Clear 7 мл,Товар,8682504114623,8682504114623,да,,,0,,
100727764_508221,100727764,Paula's Choice лосьон-тоник 2% BHA Liquid Exfoliant 30 мл,Товар,655439020169,655439020169,да,,,0,,
105238565_15142052,105238565,Round Lab крем 1025 Dokdo SPF50 для лица 50 мл,Товар,8809782557298,8809782557298,да,,,0,,"109993984_475877,117620886_708137070"
105850552_882476388,105850552,Round Lab скраб Soybean 150 мл,Товар,8809783322369,8809783322369,да,,,0,,116878601_000445918
133594567_415807711,133594567,PRE MORE Natural Cover SPF20 BB крем Warm Nude 50 мл,Товар,,,да,,,0,,
102412510_852027416,102412510,Маска для лица EKEL тканевая Aronia 1 шт,Товар,,,да,,,0,,"102047610_718172652,GIFT_MASK"
106162405_335217249,106162405,KVARTIRA терка педикюрная Pmz_drv 100/180 1 шт,Товар,,,да,,,0,,124270875_859224921
104770269_15142052,104770269,Skin1004 крем Madagascar Centella Soothing для лица 75 мл,Товар,8809576261134,8809576261134,да,,,0,,
100041622_584300,100041622,Тушь для ресниц Maybelline New York The Colossal для объема черный,Товар,,,да,,,0,,
105080382_560079,105080382,Blithe крем Honest Sunscreen SPF50 для лица 50 мл,Товар,8809501660636,8809501660636,да,,,0,,
101664589_833740,101664589,Bielita-Вiтекс Amore основа под макияж для лица 30 мл,Товар,,,да,,,0,,
100471365_682607,100471365,Deoproce Extra Firming гидрофильное масло 200 мл,Товар,,,да,,,0,,
115678654_036151716,115678654,Black Rice Cover SPF36 BB крем 13 50 мл,Товар,,,да,,,0,,
115430954_114485008,115430954,Anua тонер Peach 77 Niacin Essence Toner 250 мл,Товар,8809640734359,8809640734359,да,,,0,,
145345213_344662727,145345213,BELDORA крем Prime Retinol Activator 1.0 для лица 35 мл,Товар,,,да,,,0,,
105263684_15142052,105263684,Round Lab Birch Juice Moisturizing пенка 150 мл,Товар,8809738600238,8809738600238,да,,,0,,117210050_572620360
100274454_15142052,100274454,Some by Mi сыворотка Galactomyces Pure Vitamin C Glow для лица 30 мл,Товар,,,да,,,0,,
100378906_135300295,100378906,Патчи MEDI-PEEL гидрогелевые Hyaluron Dark Benone Peptide 9 для повышения упругости 60 шт,Товар,,,да,,,0,,
122386560_814671026,122386560,The Act Zest of Verbena 300 мл крем для рук 300 мл,Товар,4678597499093,4678597499093,да,,,0,,
121944435_791636860,121944435,Henlics Coverage Foundation Light Reflecting тональный крем 01 30 мл,Товар,6934488815419,6934488815419,да,,,0,,
101984033_940235561,101984033,ITALWAX Selfie средняя воск 500 г,Товар,8032835172098,8032835172098,да,,,0,,
121739558_439829459,121739558,Henlics Coverage Foundation Light Reflecting тональный крем 02 30 мл,Товар,6934488815426,6934488815426,да,,,0,,
105339254_887586,105339254,Я Самая Гиалуроновая 3 в 1 мицеллярная вода 600 мл,Товар,,,да,,,0,,
108894104_15142052,108894104,Beauty of Joseon Hanbang Serum Discovery Kit набор по уходу за лицом для женщин,Товар,,,да,,,0,,
161290112_243436373,161290112,RoRoBell Тональный кушон с SPF45+ для лица кушон 23 15 г,Товар,8800316299783,8800316299783,да,,161574646_281861403,0,,
100384843_15142052,100384843,Farmstay Snail пенка 180 мл,Товар,,,да,,,0,,
106325149_700420730,106325149,LUXVISAGE Active complex SPF10 СС крем 10 Fair 35 мл,Товар,4811329037402,4811329037402,да,,,0,,
112407245_850181577,112407245,ANGIOPHARM крем Azelaine Anti-Acne для лица 7 мл,Товар,,,да,,,0,,
101239678_795450570,101239678,Dr.Ceuracle Tea Tree Purifine пенка 150 мл,Товар,8806133613740,8806133613740,да,,,0,,
104905538_451089,109257083,Маска для лица Skin1004 активатор Zombie Beauty Mummy Pack 4 мл,Товар,,,да,,,0,,
108219279_262980,108219279,Dr. Jart Ceramidin Mask набор по уходу за лицом унисекс,Товар,,,да,,,2,122093158|Маска для лица Dr. Jart тканевая Ceramidin Skin Barrier Moisturizing Face Mask 5 шт|1.0; 100675877|Dr. Jart крем Ceramidin для лица 50 мл|1.0,
100682420_984109095,100682420,ITALWAX Слива плотность средняя в гранулах 1000 г,Товар,8032835163102,8032835163102,да,,,0,,
110945521_134479,110945521,MEDI-PEEL крем Cell Toxing Demajours Repair для области вокруг глаз 30 мл,Товар,8809409343709,8809409343709,да,,,0,,
103604448_15142052,103604448,PRE MORE Natural Cover BB крем Nude 50 мл,Товар,8809782556116,8809782556116,да,,,0,,
110303504_310101,110303504,TUZ MakeUp Base основа под макияж для лица 35 мл,Товар,,,да,,,0,,
128109713_366903212,128109713,The Act скраб сахарный для тела 280 г,Товар,4678597699622,4678597699622,да,,,0,,
117770050_041621352,117770050,ANGIOPHARM сыворотка Anti-Couperose для лица 30 мл,Товар,4603784188429,4603784188429,да,,,0,,
111045865_878295,111045865,MEDI-PEEL тонер Retinol Collagen Lifting Toner 150 мл,Товар,8809409345963,8809409345963,да,,135466441_751376544,0,,
104279739_15142052,104279739,Round Lab 1025 Dokdo гидрофильное масло 200 мл,Товар,8809738605677,8809738605677,да,,,0,,"117558215_806676528,117620886_708137070,116878605_824089723,116643914_219022842,116878600_193386843,116339217_842305972,119299764_343767472,117556608_226125555"
150110692_149510432,150110692,Sen Sulu blush stick румяна 06 rose veil,Товар,,,да,,,0,,
100371287_15142052,100371287,MEDI-PEEL сыворотка Cell Tox Dermajou для лица 100 мл,Товар,8809409345901,8809409345901,да,,,0,,
104360379_203595,104360379,JMsolution спрей Glow Luminous Flower Rose 180 мл,Товар,8809505542204,8809505542204,да,,"109653086_048764949,100349481_717880",0,,
103884899_133525843,103884899,Dr. Althea Double Serum Balm Foundation кушон 23 12 г,Товар,,,да,,,0,,
100644604_286781,100644604,TONY MOLY Delight Tony Tint тинт для губ 01 матовый,Товар,,,да,,,0,,
103210067_223055582,103210067,Black Rice Triple Foaming Cleanser пенка 150 мл,Товар,8809821180005,8809821180005,да,,,0,,
104060780_162877,104060780,Round Lab тонер Birch Juice Moisturizing 300 мл,Товар,8809738600214,8809738600214,да,,,0,,117210050_572620360
101270564_15142052,101270564,Dr.Ceuracle Pro Balance Cleansing Duo Oil and Foam набор по уходу за лицом для женщин,Товар,8806133615560,8806133615560,да,,110404600_562094,0,,"117415013_686535434,115260974_438754,786853134,115412692_737476,115751776_505054,115794763_408156,117414872_378339995,115794793_184243"
101506188_597193,101506188,Dr. Althea Amino Acid Gentle Bubble Cleanser пенка 140 мл,Товар,8809447251400,8809447251400,да,,,0,,117556608_226125555
100904394_15142052,100904394,Dr.Ceuracle ампульная сыворотка Royal Vita Propolis 33 Ampoule для лица 30 мл,Товар,,,да,,,0,,104338160_970515
128050449_602823656,128050449,The Act мицеллярная вода очищающая для снятия макияжа 250 мл,Товар,4678597699615,4678597699615,да,,,0,,
113770770_247862,113770770,Skin1004 крем Madagascar Centella Tea-trica B5 для лица 75 мл,Товар,8809913830047,8809913830047,да,,,0,,
106547440_572649,106547440,Vivienne Sabo Le Grand Volume блеск для губ 13 Ягодный,Товар,3700971364497,3700971364497,да,,,0,,
150110690_207054175,150110690,Sen Sulu blush stick румяна 03 frosted bllom,Товар,8683077752755,8683077752755,да,,,0,,
113875386_623822,113875386,Alix Avien тени прессованные Pallette 777 Obsessive Addiction,Товар,,,да,,,0,,
101834882_818447,101834882,Cos De BAHA тоник S2 Calicylic Asid Bha 2% 120 мл,Товар,8809240318232,8809240318232,да,,,0,,
114097091_538110787,114097091,Tashe Activator против выпадения лосьон 100 мл,Товар,4812413001330,4812413001330,да,,,0,,114344109_168968830
109413595_888060002,109413595,ESTHETIC HOUSE CP-1 Aquaxyl Complex Intense шампунь 500 мл,Товар,8809450013668,8809450013668,да,,,0,,
150110688_475630874,150110688,Sen Sulu blush stick румяна 05 coral dawn,Товар,,,да,,,0,,
138993663_460773879,138993663,MEDI-PEEL крем Меди пил Осветляющий крем против пигментации Medi-Peel Melanon X Cream-Panda.Beauty для лица 30 мл,Товар,8809409342566,8809409342566,нет,100202390_541845130,,0,,
100174396_15142052,100174396,Farmstay крем Snail Visible Difference Moisture Cream для лица 100 мл,Товар,8809809800079,8809809800079,да,,,0,,
101645573_997485375,101645573,Vivienne Sabo карандаш-кайал коричневый 02,Товар,,,да,,,0,,
100274476_15142052,100274476,COSRX тонер Centella Water Alcohol-Free 150 мл,Товар,8809416470085,8809416470085,да,,,0,,
100908064_569799,100908064,Catrice Liquid Camouflage High Coverage консилер 001 Fair Ivory,Товар,4059729203229,4059729203229,да,,,0,,
101025547_15142052,101025547,Farmstay крем Aloe Visible Difference Fresh Cream для лица 100 мл,Товар,8809809800086,8809809800086,да,,,0,,
101367294_746214,101367294,Dr.Ceuracle крем Pro Balance Biotics Clear Up SPF50 для лица 50 мл,Товар,8806133614884,8806133614884,да,,,0,,
24100807_582675603,24100807,ESTHETIC HOUSE CP-1 Bright Complex Intense Nourishing шампунь 500 мл,Товар,8809450013026,8809450013026,да,,,0,,
155032752_072118974,155032752,Sen Sulu CONTOUR STICK скульптор 01,Товар,,,да,,,0,,
104868275_953552018,104868275,Маска для лица Skin1004 ночная Madagascar Centella Hyalu-Cica Sleeping 100 мл,Товар,,,да,,,0,,109089118_15142052
100171293_504288165,100171293,Dr. Jart сыворотка Ctrl+A Teatreatment Soothing Spot для лица 15 мл,Товар,8809642712928,8809642712928,да,,129203668_260642379,0,,"109127840_426611,119351095_569770748,117243691_136326834,108219156_523612"
103886228_010106961,103886228,D'Alba крем UV Essence Waterfull+ SPF50+ для лица 50 мл,Товар,,,да,,,0,,
100297973_350281877,100297973,Holika Holika Petit BB крем Aqua 30 мл,Товар,,,да,,,0,,
100141814_15142052,100141814,Elizavecca тонер Hell-Pore Clean Up Aha Fruit 200 мл,Товар,8809543253551,8809543253551,да,,,0,,
101373146_941244921,101373146,Vivienne Sabo масло 01 Dessert Levres Lip Oil 3 мл,Товар,3700971338238,3700971338238,да,,,0,,
123945339_997152524,123945339,Tashe tsh95 шампунь 300 мл,Товар,4812413006670,4812413006670,да,,,0,,
117191406_975992800,117191406,Маска для лица Round Lab тканевая Soybean Panthenol 1 шт,Товар,,,да,,,0,,GIFT_MASK
141639328_626183580,141639328,AXIS-Y Vita Glow Lip Oil Cozy Fig масло-бальзам для губ Cozy Fig,Товар,8809634611109,8809634611109,да,,,0,,
109465689_160240404,109465689,"Liv Delano Lost Cherry парфюмированный спрей 100 мл, для женщин",Товар,4811248010128,4811248010128,да,,,0,,114394683_221834688
112626098_327819755,112626098,The Act крем против тёмных кругов и отёчности для области вокруг глаз 20 мл,Товар,4678599767558,4678599767558,да,,,0,,
114097230_649308307,114097230,Tashe кондиционер Stimulation Увлажняющий кондиционер для волос 300 мл,Товар,4812413000906,4812413000906,да,,,0,,"114344109_168968830,113875254_692279348"
107342307_523955561,107342307,Isntree Mugwort Calming энзимная пудра 15 г,Товар,,,да,,,0,,
109191826_876735605,109191826,Ollin Professional Anti Yellow шампунь оттеночный 500 мл,Товар,4660077772901,4660077772901,да,,,0,,
133723523_100951113,133723523,"MEDI-PEEL крем Пептидный крем с матриксилом от морщин Peptide 9 Volume & Tension Tox Cream Pro для лица, для зоны декольте 50 мл",Товар,8809941820430,8809941820430,да,,"104717838_15142052,114725409_769000165",0,,
100700483_398233,100700483,Paula's Choice лосьон-тоник 2% BHA Liquid Exfoliant 118 мл,Товар,,,да,,,0,,
128173610_026731437,128173610,Sen Sulu пуховка велюр 2 шт,Товар,,,да,,,0,,152998349_050379583
102292865_045375803,102292865,Ollin Professional Care Hair Structure Restore шампунь 1000 мл,Товар,4627115395157,4627115395157,да,,,0,,
122352244_920472460,122352244,The Act сыворотка-масло массажное для лица 50 мл,Товар,4678597499123,4678597499123,да,,,0,,
137866061_562716635,137866061,Tocobo крем Cica Calming Sun Serum SPF50+ PA++++ для лица 50 мл,Товар,,,нет,120031520_548363027,,0,,
21900310_611400,21900310,TONY MOLY Clean Dew Blueberry пенка 180 мл,Товар,,,да,,,0,,
113548478_742536450,113548478,MULSAN All Type набор по уходу за волосами для женщин,Товар,,,да,,,0,,
17400054_454487,17400054,Тушь для ресниц Farmstay Visible Difference Volume Up для объема черный,Товар,8809324208589,8809324208589,да,,,0,,
120341170_432030202,120341170,PRE MORE Refresh Melting Duo Collection набор по уходу за лицом для женщин,Товар,,,да,,,0,,
106118733_591821897,106118733,Ollin Professional кондиционер Salon Beauty с экстрактом ламинарии 1000 мл,Товар,,,да,,,0,,129331227_181783625
132936633_925503996,132936633,Sen Sulu The Yeon Cover Fit SPF36 BB крем 02 Neutral Beige 50 мл,Товар,8809398633799,8809398633799,да,,,0,,
129254003_335174625,129254003,Medicube микротоковый массажер,Товар,8800256114481,8800256114481,да,,138780283_940655900,0,,
113591361_155094,113591361,Skin1004 крем Madagascar Centella Probio-Cica Bakuchiol для области вокруг глаз 20 мл,Товар,8809913830177,8809913830177,да,,,0,,
105587876_15142052,105587876,Beauty of Joseon крем Relief Sun Rice Probiotics SPF50 для лица 50 мл,Товар,8809782555508,8809782555508,да,,120647319_230624601,0,,"115677359_270860,117524726_515345253,115677254_834731,115841574_239537,115677341_274498"
100904401_598216832,100904401,Farmstay Tropical Fruit Mango &amp; Shea Butter крем для рук 50 мл,Товар,,,да,,,0,,103642734_259014880
867628,114870499,Viola MANGO 100 мл,Товар,,,да,,,0,,
101239711_236520,101239711,Dr.Ceuracle эссенция Tea Tree Purifine 95 Essence 50 мл,Товар,,,да,,,0,,116878603_844000938
103288899_045020733,103288899,Ollin Professional Care Moisture шампунь 1000 мл,Товар,4627115395416,4627115395416,да,,,0,,
105890716_882881892,105890716,ART SOFFIO карандаш белый Dark Luxe S-88-0814 Matt White матовый,Товар,,,да,,,0,,
104498634_487082037,104498634,Маска для лица LANBENA крем Plants pore strips 30 г,Товар,6970470536283,6970470536283,да,,105605863_300159207,0,,
117820810_164467814,117820810,Dr.Ceuracle 5 Alpha Control Clearing пенка 200 мл,Товар,,,да,,,0,,"119121546_832239440,104338160_970515"
17300759_370249890,17300759,MOSCHINO I Love Love туалетная вода EDT 100 мл,Товар,,,да,,,0,,
105778023_858190,105778023,Я Самая Розовая мицеллярная вода 600 мл,Товар,,,да,,,0,,
100479219_15142052,100479219,MEDI-PEEL крем Blue Aqua Tox для лица 50 г,Товар,8809409346656,8809409346656,нет,100823064_15142052,,0,,
114465306_241364,114465306,Маска для лица Anua тканевая Heartleaf 77 Soothing Mask 1 шт,Товар,,,да,,,0,,GIFT_MASK
102547885_15142052,102547885,Aroma Home Ирис и белая роза 50 мл,Товар,,,да,,,0,,
103882411_338381,103882411,Cos De BAHA Hyaluronic+B5 Serum (D-Panthenol) сыворотка 30 мл,Товар,,,да,,,0,,
109191957_095907181,109191957,Ollin Professional бальзам оттеночный Anti Yellow Balm 500 мл,Товар,4660077772888,4660077772888,да,,,0,,
101811285_15142052,101811285,Cos De BAHA сыворотка AZ Azelaic Acid 10% для лица 30 мл,Товар,8809240318126,8809240318126,да,,,0,,
106559882_949290897,106559882,Dr. Althea Gentle Pore Cleansing гидрофильное масло 150 мл,Товар,8809447255583,8809447255583,да,,,0,,
136332509_827535514,136332509,Celimax сыворотка Oil Control Capsule Essence для лица 30 мл,Товар,,,нет,114270043_125753858,,0,,
132136705_247071967,132136705,PRE MORE De Luxe Mood Extra Cover BB крем 17 Vanilla Nude 50 мл,Товар,8809971487689,8809971487689,да,,,0,,
119364126_578293344,119364126,MEDI-PEEL сыворотка Red Lacto Peptide Collagen Ampoule для лица 50 мл,Товар,,,да,,,0,,115231115_410385882
101724487_586913839,101724487,ITALWAX Роза плотная воск 100 мл,Товар,,,да,,,0,,"116849461_939353949,116768471_008857175"
151080381_674955211,151080381,Tashe Шампунь бальзам женский шампунь-бальзам 600 мл,Товар,,,да,,,2,114097287_263052925|Tashe Питательный кондиционер для волос с ультра блеском 300 мл|1.0; 114095685_291701642|Tashe Stimulation шампунь 300 мл|1.0,
100999177_15142052,100999177,The Ordinary Squalane Cleanser гель 50 мл,Товар,769915194791,769915194791,да,,,0,,
105169657_410999,105169657,Gabrini гель Brow Fixing Soap effect Clear 8 мл,Товар,8696814056788,8696814056788,да,,,0,,
21900506_15142052,21900506,Farmstay Collagen пенка 180 мл,Товар,8809317289472,8809317289472,да,,,0,,
118910146_411206502,118910146,Bielita-Вiтекс Pink Passion гель 300 мл,Товар,4813406011947,4813406011947,да,,,0,,"121398082_283765240,121761881_473130563,117773681_567082235,132878976_025444423,122243140_331008490"
103730776_15142052,100904392,Dr.Ceuracle крем Royal Vita Propolis 33 для лица 50 г,Товар,,,да,,,0,,"119121546_832239440,104338160_970515"
104856274_15142052,104856274,Cos De BAHA Pure Hyaluronic Acid Serum сыворотка 30 мл,Товар,,,да,,,0,,
140141059_050044560,140141059,"Skin1004 крем Madagascar Centella Poremizing Tinted Sun Cream SPF 50+ PA++++ 50ml для лица, для зоны декольте 50 мл",Товар,8809913832485,8809913832485,да,,,0,,
118371326_331699728,118371326,PRE MORE Pure Moisture пенка 150 мл,Товар,8809285941907,8809285941907,нет,108188554_317000459,,0,,
101620161_840922446,101620161,ART SOFFIO KOLORIS CLASSIC KL-5-04 Brun коричневый,Товар,,,да,,,0,,
101503647_021926688,101503647,Huxley Cleansing Gel Be Clean Be Moist гель 200 мл,Товар,8809422533927,8809422533927,да,,,0,,
116668199_945061141,116668199,Skin1004 крем Madagascar Centella Air-Fit Suncream Light SPF30 для лица 50 мл,Товар,8809576261608,8809576261608,да,,,0,,"117558731_788734002,117524736_846606362"
100364018_622733,100364018,Makeup Revolution Highlight Reloaded хайлайтер Just My Type,Товар,5057566086769,5057566086769,да,,,0,,
100309023_15142052,100309023,MEDI-PEEL сыворотка Mezzo Filla для области вокруг глаз 30 мл,Товар,8809409343020,8809409343020,да,,,0,,
115073349_080006621,115073349,DRAWSHE Blue Diamond 3 in 1 SPF35 кушон 2 30 г,Товар,,,да,,,0,,
113691140_880968,113691140,DIMURSAL набор кистей 15 шт,Товар,,,да,,,0,,
24601756_789512612,24601756,Maybelline New York Super Stay Matte Ink жидкая помада 65,Товар,3600531469498,3600531469498,да,,,0,,
103102354_099110922,103102354,Маска для лица EKEL тканевая Pearl Ultra Hydrating Mask 1 шт,Товар,,,да,,,0,,GIFT_MASK
106057259_15142052,106057259,Skin1004 сыворотка Madagascar Centella Hyalu-Cica Blue Serum для лица 30 мл,Товар,,,нет,104904629_160041,,0,,
112388773_565488806,112388773,MIXIT Young Skin Mango гидрофильное масло 150 мл,Товар,,,да,,,0,,
128050432_789702185,128050432,The Act набор скрабов антицеллюлитный кокосовый для тела,Товар,4678597699790,4678597699790,да,,,0,,
105073308_086786226,105073308,ART SOFFIO карандаш Soffio Masters Р-08 01 Черный 1.1 мл,Товар,2100000000111,2100000000111,да,,,0,,
102019813_15142052,102019813,Dr.Ceuracle крем-гель Vegan Kombucha Tea для лица 75 г,Товар,8806133615058,8806133615058,да,,,0,,
106586609_430029,106586609,AXIS-Y тоник Daily Purifying Treatment 200 мл,Товар,8809115027924,8809115027924,да,,,0,,
120468245_300872388,120468245,MEDI-PEEL Lacto Collagen гидрофильное масло 200 мл,Товар,,,да,,,0,,115231115_410385882
115064217_850083158,115064217,The Act гель-масло увлажняющее натуральное для душа и ванны 460 мл,Товар,4678599767596,4678599767596,да,,,0,,
148663453_821879890,148663453,Round Lab крем Birch Juice Moisturizing Intensive Cream для лица 50 мл,Товар,8809962543127,8809962543127,да,,,0,,
102329873_296477,102329873,A'pieu Deep Clean гидрофильное масло 160 мл,Товар,8806185734394,8806185734394,да,,,0,,
100274543_222042,100274543,Etude House тонер Soon Jung Ph 5.5 Relief 350 мл,Товар,,,да,,,0,,
108055945_374589,108055945,Маска для лица Umai Beauty крем Gloss Mask 150 г,Товар,,,да,,"106887895_275975768,128012010_407631474",0,,"115873361_127755,132322757_294030223,114689881_559978,112345399_862121,115715427_165511,113345413_495226,115705932_692011,118828627_413735802,115413565_603610,128851325_171378229,130700793_572900272,116600958_926601361"
100678186_15142052,100678186,Heimish All Clean бальзам 50 мл,Товар,8809481760678,8809481760678,нет,100341040_15142052,,0,,
119552492_296685518,119552492,MEDI-PEEL крем Premium Golden Camellia Wrinkle для лица 50 мл,Товар,8809941822175,8809941822175,да,,,0,,
113536181_232943,113536181,BEAUTY PROFF спонж скошенный полиамид 1 шт,Товар,,,да,,,0,,
100370712_277933,100370712,Sinsin No Sweat No stress антиперспирант унисекс 30 мл,Товар,8806438012316,8806438012316,да,,,0,,
107738686_939203,107738686,BEAUTY PROFF спонж скошенный полиамид 1 шт,Товар,,,да,,106713183_982754,0,,
141513789_662940207,141513789,Loreva Fragrances Ocean 55 мл,Товар,,,да,,,0,,
100254236_15142052,100254236,MEDI-PEEL крем Collagen Super10 Sleeping для лица 70 мл,Товар,8809409342382,8809409342382,да,,,0,,
100907739_15142052,100907739,MEDI-PEEL Peptide 9 набор по уходу за лицом для женщин,Товар,,,да,,,0,,
138971197_974151778,138971197,K-SECRET сыворотка SEOUL 1988 Retinal Liposome 2% для лица 30 мл,Товар,8809695240508,8809695240508,да,,,0,,
119576454_390379231,119576454,MIZON крем Inout Watery Sheer Sunscreen SPF 50 PA++ для лица 50 мл,Товар,8809663755065,8809663755065,да,,,0,,
105264003_257031,105264003,Round Lab 1025 Dokdo Bubble мусс 150 мл,Товар,8809738599044,8809738599044,да,,,0,,
112313239_180650580,112313239,LUXVISAGE ULTRA HD soft focus 12H консилер 12 nude,Товар,4811329040266,4811329040266,да,,,0,,
137748787_372407342,137748787,The Act Набор для волос шампунь и кондиционер Balance 2000 мл набор по уходу за волосами унисекс,Товар,,,да,,,0,,
100552192_15142052,100552192,ENOUGH Ultra 10X SPF50+ тональный крем 13 100 мл,Товар,,,да,,,0,,
118638302_500439978,118638302,The Act тоник-лосьон очищающий для лица 200 мл,Товар,4678597499178,4678597499178,да,,,0,,
112407186_682307338,112407186,ANGIOPHARM крем Eye Multipeptide Anti Aging Cream для области вокруг глаз 5 мл,Товар,4603789160147,4603789160147,да,,,0,,
100644642_15142052,100644642,A'pieu крем Hamamelis для лица 50 мл,Товар,,,да,,,0,,
100378895_431310,100378895,MEDI-PEEL гидрогелевые Hyaluron Cica Peptide 9 увлажняющие 60 шт,Товар,8809409343648,8809409343648,да,,,0,,
100775338_188038943,100775338,Daeng Gi Meo Ri Vitalizing Treatment кондиционер 500 мл,Товар,,,да,,,0,,
109089122_15142052,109089122,Skin1004 Centella набор уходовой косметики для женщин,Товар,,,да,,,5,104762771_15142052|Skin1004 тонер Madagascar Centella Toning 210 мл|1.0; 104868246_15142052|Skin1004 Madagascar Centella Ampoule пенка 125 мл|1.0; 109249274_125869|Skin1004 крем Madagascar Centella Cream для лица 75 мл|1.0; 104765457_15142052|Skin1004 ампульная сыворотка Madagascar Centella Ampoule для лица 55 мл|1.0; GIFT_MASK|Подарочная маска|1.0,
102889631_15142052,102889631,"Dr.Cellio крем 4 in 1 Snail Chokchok для лица, для зоны декольте 70 мл",Товар,8809674290968,8809674290968,да,,,0,,
102886760_209335,102886760,Farmstay Visible Difference Aloe крем для рук 100 г,Товар,,,да,,,0,,
103176694_980136,103176694,CELLIO крем Snail Whitening Lifting Sun Cream SPF50 для лица 70 мл,Товар,8809632884505,8809632884505,да,,101867411_15142052,0,,
110725320_450868,110725320,MEDI-PEEL Peptide 9 Aqua Essence пенка 150 мл,Товар,8809409341392,8809409341392,да,,,0,,"116878605_824089723,116126978_826125616,115383635_071264482"
102960120_795713,102960120,Cos De BAHA сыворотка для лица Vitamin С MSM Serum 30 мл,Товар,,,да,,105122068_642168822,0,,
104725988_749904403,104725988,HERA крем Sun Mate Leports SPF50 для лица 30 мл,Товар,,,нет,100886409_157538459,,0,,
107512652_335803787,107512652,MANYO Herbgreen гидрофильное масло 200 мл,Товар,8809082391608,8809082391608,да,,100676399_708279,0,,
132075638_690169822,132075638,"Medicube гель Pdrn Booster Gel для лица, для зоны декольте 300 мл",Товар,,,да,,,0,,
109880465_786276,109880465,Gabrini Photo Finish Spray основа под макияж для лица 20 мл,Товар,8696814066008,8696814066008,да,,,0,,
101613595_15142052,101613595,MANYO сыворотка Galac Whitening Vita для лица 50 мл,Товар,8809730952014,8809730952014,да,,,0,,
118720301_155350497,118720301,ANGIOPHARM Lactic Acid гель 200 мл,Товар,4660307840264,4660307840264,да,,,0,,
104726768_462182,104726768,LANEIGE маска Lip Sleeping Mask Ex Berry 3 г,Товар,,,да,,,0,,
120818965_556451873,120818965,By Wishtrend стик Pore Smoothing Bakuchiol Sun SPF50 для лица 16 г,Товар,8809572892394,8809572892394,да,,,0,,
100400942_184476,100400942,Chupa Chups Candy Glow SPF50 кушон Strawberry 1.0 Ivory 14 г,Товар,,,да,,,0,,
100001289_223128,100001289,COSRX крем Hyaluronic Acid Intensive для лица 100 мл,Товар,8809416470122,8809416470122,да,,,0,,112052573_849451
112475999_424156713,112475999,ANGIOPHARM Silk Amino Acids Cleansing гель 150 мл,Товар,4660307840233,4660307840233,да,,,0,,
108133644_722380515,108133644,Тушь для ресниц Heimish Dailism Smudge Stop Mascara для объема черный,Товар,,,да,,,0,,
116535192_112053296,116535192,Niks Face сыворотка Пептидная для лица 30 мл,Товар,,,да,,,0,,
100341008_191945940,100341008,Banila Co Clean It Zero Original бальзам 100 мл,Товар,,,да,,,0,,
100552196_15142052,100552196,ENOUGH Ultra X10 SPF50 тональный крем 21 100 мл,Товар,8809605870993,8809605870993,да,,,0,,
105741174_827358449,105741174,BABOR крем Skinovage Moisturizing Cream для лица 50 мл,Товар,,,да,,,0,,
100001268_15142052,100001268,COSRX крем Advanced Snail 92 All in one для лица 100 мл,Товар,8809416470016,8809416470016,да,,,0,,"115677359_270860,112052640_128003"
136774607_029036080,136774607,MANYO Pure & Deep Cleansing пенка 100 мл,Товар,8809730952212,8809730952212,да,,,0,,
131471361_389541583,131471361,The Act гель для душа скрабирующий увлажняющий 460 мл,Товар,4678597699523,4678597699523,да,,,0,,
118638258_436320026,118638258,The Act Крем-гель антицеллюлитный для тела крем-гель 300 мл,Товар,4678597699806,4678597699806,да,,142433726_839011762,0,,
104402695_734497,104402695,Vollare Art Soffio Top Contouring Palette набор для контуринга 02,Товар,,,да,,115433419_614945,0,,
104258573_15142052,104258573,A'pieu Madecassoside Ampoule 2X сыворотка 30 мл,Товар,,,да,,,0,,
117533216_578930279,117533216,ANGIOPHARM Enzyme Powder Wash энзимная пудра 2 г,Товар,,,да,,,0,,
100113776_15142052,100113776,MEDI-PEEL крем Centella Mezzo для лица 30 мл,Товар,8809409342160,8809409342160,да,,,0,,
102875295_853266,102875295,Dr.Ceuracle крем Hyal Reyouth для лица 60 г,Товар,,,да,,,0,,
109522329_999013,109522329,Deoproce Color Combo Cream SPF50+ PA+++ №21 набор декоративной косметики для женщин,Товар,,,да,,,0,,
364821,114870515,Viola SUMMER GARDEN 100 мл,Товар,,,да,,,0,,
144121394_588571566,144121394,"DR.PLINUS крем Z Cure Cream для лица, для области вокруг глаз, для зоны декольте 80 мл",Товар,8809630420200,8809630420200,да,,156917717_368936846,0,,"154802375_506466870,154500878_730704459,144140779_482528078"
100272231_15142052,100272231,MEDI-PEEL Algo-Tox Deep Clear гель 150 мл,Товар,8809409342887,8809409342887,да,,,0,,
100385533_15142052,100385533,Farmstay Escargot Noblesse Intensive набор по уходу за лицом для женщин,Товар,,,да,,,0,,
104951809_975250,104951809,Skin1004 тонер Tone Brightening Boosting Toner 210 мл,Товар,8809576261165,8809576261165,да,,,0,,"117210041_064571629,113551642_604203726,109089132_416810544"
105257937_196152557,105257937,Round Lab тканевая 1025 Dokdo Water Gel 1 шт,Товар,,,да,,,0,,"115730381_287121413,GIFT_MASK"
121846546_952290521,121846546,Тушь для ресниц RELOUIS Объемная термотушь для ресниц Y.O.U. Really Hyping для объема черный,Товар,,,да,,,0,,
101239735_15142052,101239735,Dr.Ceuracle эссенция Vegan Kombucha Tea 150 мл,Товар,8806133614778,8806133614778,да,,,0,,
101095500_299633,101095500,Dr. Jart тканевая Vital Hydra Solution 1 шт,Товар,,,да,,,0,,"101965245_732885,GIFT_MASK"
103978701_15142052,103978701,Black Rice Cover SPF36 BB крем 23 50 мл,Товар,,,да,,,0,,
101076161_986171,101076161,Маска для лица Farmstay тканевая Collagen 1 шт,Товар,,,да,,,0,,"102047780_202251,105120936_987162,GIFT_MASK"
121268566_624182805,121268566,The Act Virgin набор уходовой косметики унисекс,Товар,4678597699974,4678597699974,да,,,0,,
104546101_190921199,104546101,ANGIOPHARM сыворотка Moisturizing для лица 30 мл,Товар,,,да,,,0,,
100375767_15142052,100375767,MEDI-PEEL крем 24K Gold Snail для лица 50 мл,Товар,,,да,,,0,,
108992284_808359630,108992284,MEDI-PEEL крем-гель melanon X drop gel cream для лица 50 мл,Товар,8809409342634,8809409342634,да,,,0,,
100856588_386737,100856588,"Пудра ENOUGH COLLAGEN Hydro Moisture Two Way Cake, SPF25 сухая 21 бежевый",Товар,8809347960303,8809347960303,да,,"100378703_362952,101288589_119228",0,,
100964432_682911490,100964432,Catrice Sun Lover Glow Bronzing Powder пудра-бронзер 010,Товар,,,нет,119675255_719407292,"119675255_719407292,135688371_140767799",0,,
38300631_444544,38300631,Beauty Creations тени прессованные Tease Me АТК280 N,Товар,,,да,,,0,,
100616584_315436,100616584,"Bielita-Вiтекс 4D Мега Эффект для объема, удлиняющая, подкручивающая черный",Товар,,,да,,,0,,
101054605_225500,101054605,Farmstay Snail Visible Difference крем для рук 100 г,Товар,,,да,,,0,,
17500178_15142052,17500178,Deoproce Violet СС крем 21 Натурально-бежевый 50 мл,Товар,,,да,,,0,,
19600287_596448,19600287,"Purederm кислородная, тканевая Deep Purifying Black O2 Bubble Volcanic 1 шт",Товар,,,да,,,0,,GIFT_MASK
100682504_983174790,100682504,Воск ITALWAX Cleopatra Full Body Wax плотность мягкая в гранулах 1000 г,Товар,,,да,,,0,,
100080340_606608,100080340,GOLDEN ROSE Пудра контур Golden Rose Metals Sculpting Palette,Товар,,,да,,,0,,
101855566_077833851,101855566,La Roche-Posay крем-гель Effaclar Duo + М для лица 40 мл,Товар,3337875863377,3337875863377,да,,,0,,
155190746_409008083,155190746,Sen Sulu Love at first sight набор декоративной косметики для женщин,Товар,,,да,,,0,,
112703625_947131,112703625,MEDI-PEEL Filler Eazy набор по уходу за лицом для женщин,Товар,,,да,,,0,,
686799,108412747,D'Alba сыворотка White Truffle Prime Intensive Serum 100 мл,Товар,8809331313337,8809331313337,да,,,0,,
110648805_716577738,110648805,"Likato Professional крем-гель Peptides+caffeine для лица, для зоны декольте 50 мл",Товар,,,да,,,0,,
110342465_070280867,110342465,Celimax крем Oil Control Light Sunscreen SPF50 для лица 40 мл,Товар,8809782559063,8809782559063,да,,,0,,
101099983_15142052,101099983,CELLIO крем Collagen Whitening Sun SPF50 для лица 70 мл,Товар,8809173342670,8809173342670,да,,,0,,
104386624_997194,104386624,Shik Lip Gloss Care Ухаживающий блеск для губ розовый 03 Cool Beige,Товар,4631161668578,4631161668578,да,,,0,,
102724856_15142052,102531877,CELLIO крем 4 in 1 Bboyan Whitening для лица 70 мл,Товар,8809674291019,8809674291019,да,,,0,,
17400244_059783031,17400244,"Тушь для ресниц LUXVISAGE XXL Длина, Изгиб, Объем для объема, удлиняющая, подкручивающая черный",Товар,4811329009218,4811329009218,да,,,0,,
104139125_440351949,104139125,The Act Lemon крем для ног 150 мл,Товар,4678599767442,4678599767442,да,,,0,,
100541990_855290,100541990,Elseve Elseve Экстраординарное совершенствующее масло 100 мл,Товар,3600524079468,3600524079468,да,,,0,,
124456218_855178620,124456218,Tashe Rosemary Lush для кожи головы масло 100 мл,Товар,4812413006946,4812413006946,да,,151135712_195279836,0,,153113975_223344889
116031309_231400220,116031309,ANGIOPHARM Lactic Acid Cleansing гель 100 мл,Товар,,,да,,,0,,
118331721_494316467,118331721,"Sen Sulu Sheer Ember Gloss блеск для губ прозрачный, розовый Magic",Товар,8682504114661,8682504114661,да,,,0,,
117050988_649516698,117050988,"Come inside me Pure Freesia духи PARFUM 7 мл, для женщин",Товар,8809783300039,8809783300039,да,,,0,,"117382773_143054845,117250372_009796355,117120989_939171953,117198958_523503720"
17501022_15142052,17501022,ENOUGH Collagen Whitening Moisture Foundation 3 in 1 SPF15 тональный крем 13 100 мл,Товар,8809474497079,8809474497079,да,,,0,,
115765851_789670051,123104681,Sen Sulu спонж капля поролон 1 шт,Товар,8697489515648,8697489515648,да,,,0,,152998349_050379583
17601990_15142052,17601990,Farmstay сыворотка Escargot Noblesse Intensive для лица 250 мл,Товар,,,да,,,0,,"115880225_115163,115880130_468032"
101743513_15142052,101743513,MEDI-PEEL крем Bor-Tox Peptide для лица 50 мл,Товар,8809409347455,8809409347455,да,,,0,,108133840_602264
130533258_975715958,130533258,Dr.Ceuracle Pro Balance Moisture Barrier Set набор по уходу за лицом для женщин,Товар,8806133616567,8806133616567,да,,,0,,
102807505_15142052,102807505,Cos De BAHA сыворотка AC Azelaic Acid Hinokitiol Clear Skin для лица 30 мл,Товар,,,да,,,0,,
115172503_844976423,115172503,"Fragrance World Eclat La Violette парфюмерная вода EDP 100 мл, для женщин",Товар,,,да,,,0,,
108993686_289314,108993686,"Pretty Skin дневной крем Pink Tone Up для зоны декольте, для лица 70 мл",Товар,,,да,,,0,,
100397062_15142052,100397062,Heimish pH 5.5. All Clean Green пенка 150 мл,Товар,8809481760722,8809481760722,да,,100371466_15142052,0,,
17500991_986159,17500991,Maybelline New York Fit Me Матовая Кожа + Невидимые Поры тональный крем 95 светлый фарфор 30 мл,Товар,,,да,,,0,,
100736042_939246,100736042,WellDerma 3 Д массажер пластик,Товар,,,да,,,0,,
17500259_713863,17500259,MISSHA Magic Cushion Cover Lasting SPF50 кушон 23 15 г,Товар,8809581449299,8809581449299,да,,"101668843_370159,100669564_901283",0,,
101043527_15142052,101043527,Farmstay крем Green Tea Seed Whitening Water Cream для лица 100 мл,Товар,8809317287065,8809317287065,да,,,0,,
100742183_366270,100742183,MEDI-PEEL крем Peptide 9 Balance Derma Sun SPF50 для лица 50 мл,Товар,,,да,,,0,,
113683046_645797439,113683046,Tashe маска Avocado Butter 300 мл,Товар,4812413003686,4812413003686,да,,,0,,
162964876_297456871,162964876,Тушь для ресниц Sen Sulu Термо 02 Light Brown для объема коричневый,Товар,8683077752700,8683077752700,да,,,0,,
103548525_999996,103548525,BEAUSTA Cicarecipe Serum Cushion SPF50 кушон 21 Light Beige 15 г,Товар,8809577461724,8809577461724,да,,,0,,
114327892_849360,114327892,LAGOM Cellup micro пенка 120 мл,Товар,8809450981233,8809450981233,да,,,0,,110227980_542094
114817522_630417211,114817522,BIDALLI Vegan Green Mild бальзам 100 мл,Товар,8809563068869,8809563068869,да,,,0,,
108992276_353858,108992276,MEDI-PEEL коллагеновые Lacto Collagen Eye для повышения упругости 60 шт,Товар,,,да,,,0,,
17500988_716132,17500988,Maybelline New York Fit Me Матовая Кожа + Невидимые Поры тональный крем 105 светло-бежевый 30 мл,Товар,,,да,,,0,,
121205740_129555016,121205740,Tashe маска Instant Express Recovery 50 мл,Товар,4812413006250,4812413006250,да,,,0,,
17601546_15142052,17601546,Farmstay Escargot Noblesse Intensive крем 50 мл,Товар,,,да,,,0,,"115880225_115163,115880130_468032"
109664572_306316,109664572,Skin1004 тонер Probio-Cica Essense 210 мл,Товар,8809576261738,8809576261738,да,,,0,,117040093_503664821
17500982_481208,17500982,Maybelline New York Fit Me Матовая Кожа + Невидимые Поры тональный крем 100 фарфоровый 30 мл,Товар,,,да,,,0,,
106566817_15142052,106566817,Heimish All Clean Mandarin бальзам 120 мл,Товар,,,да,,,0,,
101971305_728984779,101971305,Судокрем Крем для детей 60 гр,Товар,4630013791471,4630013791471,да,,,0,,
100554889_977263,100554889,Maybelline New York Fit Me Матовая Кожа + Невидимые Поры тональный крем 101 светло-кремовый 30 мл,Товар,3600531505202,3600531505202,да,,,0,,
108179415_638913,108179415,Tocobo стик Cotton Soft SPF50 для лица 19 г,Товар,8809835060041,8809835060041,да,,120061988_690520151,0,,
100349475_15142052,100349475,JMsolution Marine Luminous Pearl SPF50 спрей солнцезащитный для тела 180 мл,Товар,8809505541924,8809505541924,да,,,0,,
17300776_859655395,17300776,"BVLGARI Aqva Pour Homme туалетная вода EDT 100 мл, для мужчин",Товар,,,да,,,0,,
122724351_857036582,122724351,Sen Sulu карандаш Classic V1 Графит,Товар,8682504114821,8682504114821,да,,,0,,
117821417_524436275,108502967,Round Lab No. 1 Skincare набор по уходу за лицом для женщин,Товар,,,да,,,0,,
101588428_364617081,101588428,Ollin Professional 12 в 1 крем-спрей 250 мл,Товар,4660077771546,4660077771546,да,,,0,,
17500987_650717,17500987,Maybelline New York Fit Me Матовая Кожа + Невидимые Поры тональный крем 110 слоновая кость 30 мл,Товар,,,да,,,0,,
17500980_638223,17500980,Maybelline New York Fit Me Матовая Кожа + Невидимые Поры тональный крем 115 розово-бежевый 30 мл,Товар,,,да,,,0,,
117577983_608645190,117577983,The Act соль магниевая для купания детей 500 г,Товар,4678597499369,4678597499369,да,,,0,,
115681711_381641474,115681711,Black Rice Long Lasting SPF50 кушон 23 24 г,Товар,8809136714698,8809136714698,да,,,0,,
109787064_861225087,109787064,Маска для лица MEDI-PEEL пленка Lacto Collagen Wrapping 70 мл,Товар,,,да,,,0,,
109724458_861259,109724458,ART SOFFIO тени прессованные Creates Graphics 02 Роскошная Платина,Товар,,,да,,,0,,
102960087_15142052,102960087,Cos De BAHA сыворотка NZ Niacinamide 20% Zinc для лица 30 мл,Товар,,,да,,,0,,
118472080_555637398,118472080,MIZON стик Inout Smooth Mineral Sun SPF50 для лица 26 г,Товар,8809663755010,8809663755010,да,,,0,,
113523902_988630792,113523902,Маска для лица ANGIOPHARM крем Drainage Mask 75 мл,Товар,,,да,,,0,,
100907740_15142052,100907740,MEDI-PEEL Cell Toxing Dermajours набор по уходу за лицом для женщин,Товар,,,да,,,0,,
100498743_210342435,100498743,Purito крем Deep Sea Pure Water Cream для лица 50 мл,Товар,,,да,,,0,,
116111673_357153708,116111673,The Act крем-спрей несмываемый термозащита 17 в 1 для волос 200 мл,Товар,4678597499475,4678597499475,да,,,0,,130805035_091214024
101743207_15142052,101743207,MEDI-PEEL крем Bio-Intense Glutathione White для лица 50 г,Товар,,,да,,,0,,
135701238_489344697,135701238,MEDI-PEEL крем Омолаживающий лифтинг-крем для век с пептидным комплексом для области вокруг глаз 40 мл,Товар,8809409340432,8809409340432,нет,100339155_15142052,,0,,
100335558_492923,100335558,ESTHETIC HOUSE СР-1 SPA SCALP SCALER скраб для кожи головы 250 мл,Товар,8809450010933,8809450010933,да,,,0,,
101389404_15142052,101389404,Beauty of Joseon сыворотка Calming Green Tea Panthenol для лица 30 мл,Товар,,,да,,,0,,
105953463_050739997,105953463,Round Lab тонер 1025 Dokdo 100 мл,Товар,8809657115387,8809657115387,да,,,0,,
169144548_950201762,169144548,Pom7 Bb cream BB крем 25 50 мл,Товар,,,да,,,0,,
100904330_15142052,100904330,Dr.Ceuracle тонер Pro Balance Biotics 300 мл,Товар,8806133613788,8806133613788,да,,,0,,"115412692_737476,115751776_505054,115794793_184243"
100827108_15142052,100827108,Etude SoonJung pH 6.5 пенка 150 мл,Товар,8809820696538,8809820696538,да,,,0,,
104380952_148806868,104380952,Farmstay Coconut крем для тела 300 мл,Товар,,,да,,,0,,
135647009_356757891,135647009,Olimse Яблоко/Свекла/Морковь (АВС) коллаген желе 20,Товар,,,да,,,0,,
120965286_412877957,120965286,The Act сыворотка увлажняющая для лица 50 мл,Товар,4678597699936,4678597699936,да,,,0,,
100561443_591759,100561443,Farmstay бальзам Aloe Vera 10 мл,Товар,,,да,,,0,,
102706411_15142052,102706411,MISSHA Magic Cushion Cover Lasting Bear кушон 21 15 г,Товар,8800287113323,8800287113323,да,,,0,,
100375778_15142052,100375778,MEDI-PEEL сыворотка Luxury 24K Gold Ampoule 9 Peptide Balans для лица 100 мл,Товар,8809409343082,8809409343082,да,,,0,,
109410532_423898889,109410532,ESTHETIC HOUSE CP-1 Aquaxyl Complex Intense Moisture Conditioner кондиционер 500 мл,Товар,,,да,,,0,,
113110684_994181,113110684,BEAUTY PROFF спонж скошенный полиамид 1 шт,Товар,,,да,,,0,,
17601132_837181,17601132,Dr. Jart крем Cicapair для лица 50 мл,Товар,,,да,,,0,,
112237393_425042,112237393,O HUI эмульсия Miracle Aqua Aurora для лица 130 мл,Товар,,,да,,114346232_581789,0,,
105249273_15142052,105249273,Skin1004 сыворотка Zombie Beauty Bloody Peel для лица 30 мл,Товар,8809576260922,8809576260922,да,,,0,,
100382219_15142052,100382219,MEDI-PEEL тонер Aqua Essence Peptide 9 250 мл,Товар,8809409344676,8809409344676,да,,130442790_212395447,0,,"116878605_824089723,116126978_826125616"
109127840_426611,109127840,"Dr. Jart Teatreement, Soothing Hydra Solution набор по уходу за лицом унисекс",Товар,,,да,,,4,100669442_15142052|Dr. Jart крем Ctrl-A Teatreement Moisturizer Hydratant для лица 50 мл|1.0; 100171293_504288165|Dr. Jart сыворотка Ctrl+A Teatreatment Soothing Spot для лица 15 мл|1.0; 17700908_379737|Dr. Jart тоник Ctrl+A Teatreatment Toner 120 мл|1.0; GIFT_MASK|Подарочная маска|1.0,
103893928_15142052,103893928,MEDI-PEEL тонер Bor-Tox Peptide 180 мл,Товар,8809409348308,8809409348308,да,,133316959_171802979,0,,108133840_602264
142741976_475588865,142741976,Skin1004 сыворотка Centella Retinol 0.2 Boosting Shot Ampoule для лица 30 мл,Товар,,,да,,,0,,
100333824_15142052,100333824,MEDI-PEEL сыворотка Bor-Tox Peptide Ampoule для лица 30 мл,Товар,8809409341705,8809409341705,да,,,0,,108133840_602264
101844504_15142052,101844504,Cos De BAHA сыворотка RS Retinol 2.5% для лица 30 мл,Товар,8809240311677,8809240311677,да,,,0,,
109458166_938939280,109458166,"Rom&nd Glasting Melting Balm 02 Lovey Pink блеск для губ розовый, прозрачный",Товар,,,да,,,0,,
138065876_745397490,138065876,Celimax пилинг Pore Dark Spot Brightening Pad 6 мл,Товар,,,да,,,0,,
130415139_150497191,130415139,VOIS маска Маска для роста волос 350 мл,Товар,2037528289974,2037528289974,да,,"136581871_444063777,144117967_763752889,137219956_157967078",0,,
100375672_293773,100375672,MANYO Pure гидрофильное масло 200 мл,Товар,8809082392292,8809082392292,да,,,0,,
108989094_710855,108989094,Rom&nd Bare Water Cushion SPF38 кушон 03 natural 21 20 мл,Товар,,,да,,,0,,
143194093_364497861,143194093,The Act Сыворотка для роста волос Balance сыворотка 50 мл,Товар,4678597699769,4678597699769,да,,,0,,
103156512_15142052,103156512,Cos De BAHA N Niacinamide serum сыворотка для лица 30 мл,Товар,8809240317853,8809240317853,да,,102476404_15142052,0,,
104872323_197961596,104872323,"LA ROCHE-POSAY EFFACLAR Н ISO-BIOME Ультра Успокаивающий восстанавливающий уход против несовершенств, 40 мл",Товар,3337875777797,3337875777797,да,,,0,,
103086644_624461,103086644,Тушь для ресниц The Saem Saemmul Perfect Volume для объема черный,Товар,,,да,,,0,,
109683833_385887,109683833,MEDI-PEEL стик Bor-Tox Peptide Wrinkle для лица 10 г,Товар,,,да,,,0,,
108133184_098575692,108133184,Celimax The Real Noni Acne Bubble пенка 155 мл,Товар,8809541379468,8809541379468,да,,,0,,
115488555_953426972,115488555,Romand Glasting Color Gloss блеск для губ 04 Grapy Way,Товар,,,да,,,0,,
38300489_974864,38300489,Topface тени прессованные Pro Palette 6 KTL,Товар,,,да,,,0,,
100367680_971110142,100367680,VICHY DERCOS Интенсивный шампунь-уход против перхоти для сухих волос 200 мл,Товар,,,да,,112838567_469106247,0,,
100049229_467654117,100049229,Farmstay Escargot Noblesse Intensive пенка 180 мл,Товар,8809469772136,8809469772136,да,,,0,,
100093566_029484117,100093566,Catrice HD Liquid Coverage тональный крем 010 Light Beige 30 мл,Товар,,,да,,,0,,
112032777_913753524,112032777,Mixterra Сустафри крем 150 мл,Товар,,,да,,,0,,112424175_485139601
119724878_745038449,119724878,Medicube микротоковый массажер,Товар,8809960354732,8809960354732,да,,"131455745_593642549,123394923_969448561",0,,
114185475_670536447,114185475,The Act крем ламеллярный увлажняющий для рук 65 мл,Товар,4678599767671,4678599767671,да,,,0,,
106635129_073784093,106635129,Elemis крем Pro Collagen Marine для лица 30 мл,Товар,,,да,,,0,,
114520274_955648663,114520274,Tashe Aminoacid Filler маска 300 мл,Товар,4812413003808,4812413003808,да,,,0,,
17700908_379737,17700908,Dr. Jart тоник Ctrl+A Teatreatment Toner 120 мл,Товар,8809642712867,8809642712867,да,,,0,,"109127840_426611,119351095_569770748,117243691_136326834,117243690_976221705,108219156_523612"
106854380_15142052,106854380,Beauty of Joseon крем Revive Eye Ginseng Retinal для области вокруг глаз 30 мл,Товар,8809738316146,8809738316146,да,,,0,,
109089118_15142052,109089118,Skin1004 Hyalu-Сica набор по уходу за лицом для женщин,Товар,,,да,,,4,"108578963_360995383|Skin1004 тонер Hyalu-Cica Brightening Toner 210 мл|1.0; 104904629_160041|Skin1004 сыворотка Madagascar Centella Hyalu-Cica Blue для лица, для зоны декольте 50 мл|1.0; 104985153_319544|Skin1004 Madagascar Centella Hyalu-Cica Moisture Cream крем для лица 75 мл|1.0; 104868275_953552018|Маска для лица Skin1004 ночная Madagascar Centella Hyalu-Cica Sleeping 100 мл|1.0",
102724865_15142052,102724865,CELLIO крем 4 in 1 Teunteun Ceramide для лица 70 мл,Товар,,,да,,,0,,
112125985_706495681,112125985,"Celimax крем Dual Barrier Watery Sun SPF50 для лица, для зоны декольте 40 мл",Товар,8809686388172,8809686388172,да,,,0,,131118389_552853494
101367312_557370383,101367312,MANYO пилинг Galactomy Enzyme 75 мл,Товар,8809730951499,8809730951499,да,,,0,,
114096137_045762820,114096137,Tashe Leave-in IQ спрей-концентрат 250 мл,Товар,4812413001170,4812413001170,да,,136201910_605967590,0,,151080573_653930442
122443334_334921270,122443334,AXIS-Y сыворотка Vegan Collagen для области вокруг глаз 10 мл,Товар,8809634610881,8809634610881,да,,"138124803_662711255,161643347_241660000",0,,131656902_296399023
108578963_360995383,108578963,Skin1004 тонер Hyalu-Cica Brightening Toner 210 мл,Товар,,,да,,,0,,"109089118_15142052,117556608_226125555"
100841015_15142052,100841015,JIGOTT Sun protect SPF41 BB крем универсальный 50 мл,Товар,,,да,,,0,,
107075392_982051718,107075392,BEAUTY PROFF BP25 набор профессиональных кистей для макияжа 25 шт,Товар,,,да,,,0,,
101771427_221308,101771427,Farmstay пилинг Real Coconut 100 мл,Товар,,,да,,,0,,
115681690_184315268,115681690,Black Rice Long Lasting SPF50 кушон 21 24 мл,Товар,8809136714483,8809136714483,да,,,0,,
129403630_626368926,129403630,Пудра Sen Sulu Минеральная рассыпчатая V1 для светлого тона кожи светлый натуральный,Товар,8682504114807,8682504114807,да,,,0,,152998349_050379583
110054510_429150,100386249,ISEHAN крем Sunkiller Perfect Water Essence SPF50 для лица 50 мл,Товар,4901433072403,4901433072403,да,,,0,,
110866466_332671290,110866466,Round Lab 1025 Dokdo Cleansing Tissue салфетки для снятия макияжа влажные 30 шт,Товар,8809962541253,8809962541253,да,,,0,,
105852109_875566048,105852109,ART SOFFIO кусачки-щипчики Классика К-206 9 мм 1 шт,Товар,4897045416219,4897045416219,да,,,0,,
133316959_171802979,133316959,MEDI-PEEL тонер Лифтинг-тоник с пептидным комплексом Bor-Tox Peptide Toner 180 мл,Товар,8809409348308,8809409348308,нет,103893928_15142052,,0,,
100008791_023062648,100008791,Ollin Professional Perfect Hair Fresh Mix сыворотка 120 мл,Товар,4627115398042,4627115398042,да,,,0,,
17302401_094006119,17302401,"TOM FORD Oud Wood парфюмерная вода EDP 50 мл, унисекс",Товар,,,да,,,0,,
112876514_160089,112876514,Umai Beauty Queen пенка 150 мл,Товар,2100000000074,2100000000074,да,,,0,,"115873361_127755,132322757_294030223,114689881_559978,115715427_165511,115705932_692011,118828627_413735802,115413565_603610,128851325_171378229,130700793_572900272,116600958_926601361"
102816387_347480259,102816387,MANYO крем Bifida Biome Concentrate для лица 50 мл,Товар,8806135248964,8806135248964,да,,,0,,
114096811_097738397,114096811,Tashe маска Serum 500 мл,Товар,4812413001064,4812413001064,да,,,0,,"114344109_168968830,113875254_692279348"
100378703_362952,100378703,ENOUGH Увлажняющая с коллагеном сухая 21 бежевый,Товар,8809347960303,8809347960303,нет,100856588_386737,,0,,
140025047_985051302,140025047,"MILLAC Blanc Vanilla парфюмерное масло 8 мл, унисекс",Товар,8800265960055,8800265960055,да,,,0,,
108133181_987523312,108133181,Celimax тонер-пэды Pad Ji Woo Gae Cica BHA Blemish 170 мл,Товар,8809783321225,8809783321225,да,,,0,,
140025081_903012469,140025081,"MILLAC Bombshell парфюмерное масло 8 мл, унисекс",Товар,8800265960000,8800265960000,да,,,0,,
153957270_663935152,153957270,Пудра Sen Sulu Пудра Sen Sulu Мини версия V1 рассыпчатая Mini pudra v1 рассыпчатая V1 прозрачный,Товар,,,да,,,0,,148439623_184708380
569204473,116574754,1kids Йода-Line 3 шт 280 мл,Товар,,,да,,,1,505548447|1Kids Йода-Line Детская каша 1 шт 280 мл|3.0,
101214054_683344,101214054,The Ordinary сыворотка Retinol 0.2% in Squalane для лица 30 мл,Товар,,,да,,,0,,
109856079_304056,109856079,MANYO сыворотка Galactomy Moisture Sun Serum SPF50 для лица 50 мл,Товар,8809730955374,8809730955374,да,,,0,,
109171381_946973,109171381,MEDI-PEEL крем-гель Phyto Cica-Nol B5 для лица 50 мл,Товар,,,да,,,0,,
114393219_376980,114393219,Anua Heartleaf Pore Control Cleansing Oil гидрофильное масло 200 мл,Товар,8809640732829,8809640732829,да,,,0,,"117446177_502605073,117446022_343862582,117446123_126314297,117960443_853152517,115794723_243922462,115751741_753937"
136303713_205693565,136303713,MEDI-PEEL крем Phyto Exosome PDRN Lifting Shot Eye Cream Крем Вокруг Глаз с Пептидами 40ml для области вокруг глаз 40 мл,Товар,8809941826364,8809941826364,да,,,0,,
101668843_370159,101668843,MISSHA Magic Cushion Cover Lasting кремовая №23 светло-бежевый,Товар,8809581449299,8809581449299,нет,17500259_713863,,0,,
114499864_428724099,114499864,Tashe Volume and Shine шампунь 300 мл,Товар,4812413003129,4812413003129,да,,,0,,117210245_592454428
109995846_142517091,109995846,Catrice AirBlush Glow румяна 030,Товар,,,да,,,0,,
115589011_564132289,115589011,Пудра Ponds 3D Hya Korean Glow рассыпчатая матирующая бежевый,Товар,8851932441056,8851932441056,да,,,0,,
100379017_15142052,100379017,Some by Mi тонер Galactomyces Pure Vitamin C 200 мл,Товар,8809647390121,8809647390121,да,,,0,,
109307728_287413882,109307728,Liv Delano Sexy Lady гель 480 мл,Товар,4811248009672,4811248009672,да,,,0,,
101261433_15142052,101261433,MEDI-PEEL крем Gold Age Tox для лица 50 мл,Товар,8809409347004,8809409347004,да,,,0,,
104904629_160041,104904629,"Skin1004 сыворотка Madagascar Centella Hyalu-Cica Blue для лица, для зоны декольте 50 мл",Товар,,,да,,106057259_15142052,0,,109089118_15142052
202824,114870442,Viola LAVENDER 100 мл,Товар,,,да,,,0,,
148731275_164787377,148731275,Dr.Ceuracle мист Vegan Kombucha Tea Mist 80 мл,Товар,8806133616628,8806133616628,да,,,0,,
100293315_101279881,100293315,MEDI-PEEL Bio-Cell 5 Peptide Balance BB крем Бежевый 50 мл,Товар,8809409340616,8809409340616,да,,,0,,
101387914_15142052,101387914,Beauty of Joseon тонер Ginseng Essence Water 150 мл,Товар,,,да,,,0,,"117558215_806676528,115677322_604449,115841574_239537,115677341_274498"
101095617_636720,100827111,Pyunkang Yul Cleansing пенка 150 мл,Товар,,,да,,,0,,
102662964_15142052,102662964,Aroma Home Груша и Дыня 50 мл,Товар,,,да,,,0,,
114433693_553669,114433693,Anua крем Heartleaf 70% Soothing для лица 100 мл,Товар,8809640731587,8809640731587,да,,,0,,117446177_502605073
103156521_15142052,103156521,Cos De BAHA сыворотка S4 Salicylic Acid BHA 4% для лица 30 мл,Товар,8809240318225,8809240318225,да,,,0,,
121035907_047011480,121035907,MIXIT Grow Pro пилинг для кожи головы 150 мл,Товар,4630194648267,4630194648267,да,,,0,,
102328265_852197,102328265,Cos De BAHA тонер Aha Bha 200 мл,Товар,8809240318249,8809240318249,да,,,0,,
105831837_076989689,105831837,Round Lab крем Mugwort Calming для лица 80 мл,Товар,8809738605721,8809738605721,да,,,0,,
121584766_159182269,121584766,EpilProfi Крем-воск EpilProfi от трещин д/очень сухой кожи 100 мл крем для тела 100 мл,Товар,4603789540444,4603789540444,да,,"130804994_789812773,108239919_555192",0,,"124270875_859224921,118327229_357165398"
119420516_864864742,119420516,MEDI-PEEL солнцезащитный стик Peptide 9 Vitanol Sun Stick PRO для лица 23 г,Товар,,,да,,,0,,
128050428_505364339,128050428,The Act масло массажное с афродизиаками для тела 250 мл,Товар,4678597499048,4678597499048,да,,,0,,
104076810_118450,104076810,Shik Lip Gloss Care Ухаживающий блеск для губ розовый 02 Naked,Товар,,,да,,,0,,
137748913_390441800,137748913,The Act Набор для умывания и очищения лица пенка и тоник набор по уходу за лицом унисекс,Товар,4630420060252,4630420060252,да,,,0,,
21900555_454672,21900555,Dr. Jart Cicapair Enzyme Cleansing Foam пенка 100 мл,Товар,,,да,,,0,,
100291143_15142052,100291143,COSRX Salicylic Acid Daily Gentle пенка 150 мл,Товар,8809416471112,8809416471112,да,,106777591_15142052,0,,
101774077_462682,102534659,Farmstay Avocado Premium Pore Deep Cleansing пенка 180 мл,Товар,8809480770890,8809480770890,да,,,0,,
140025243_601081834,140025243,"MILLAC Rose Musk парфюмерное масло 8 мл, унисекс",Товар,8800265960048,8800265960048,да,,,0,,
100846169_266925,100846169,Vivienne Sabo Jolies Levres карандаш 101,Товар,3700971335565,3700971335565,да,,,0,,
101239673_135421,101239673,Dr.Ceuracle крем Tea Tree Purifine 80 для лица 50 мл,Товар,,,да,,,0,,116878603_844000938
112429608_590908992,112429608,MIZON Vegan Collagen кушон 21 15 г,Товар,,,да,,,0,,
101338400_386958,101338400,Farmstay сыворотка Dr.v8 Ampoule Solution Hyaluronic Acid для лица 30 мл,Товар,8809595051976,8809595051976,да,,,0,,
118442217_676662123,118442217,D'Alba сыворотка White Truffle Serum Royal Intensive Solution для лица 100 мл,Товар,,,да,,,0,,
108573557_440100,101833964,ENOUGH мист Collagen 100 мл,Товар,,,да,,,0,,
104602175_375990,104602175,Dr.Ceuracle крем Hyal Reyouth Moist SPF50 для лица 50 мл,Товар,8806133615966,8806133615966,да,,"137636591_401384403,137848587_360275359",0,,"115841551_203520,109677981_478029,117415013_686535434,115412682_888592,115260974_438754,115751776_505054,115794763_408156,117414872_378339995"
102723877_873476213,102723877,"Initio Parfums Prives Oud For Greatness парфюмерная вода EDP 90 мл, унисекс",Товар,,,да,,,0,,
116906898_476552676,116906898,Come inside me Perfume Type 78 крем для тела 40 мл,Товар,8809783300008,8809783300008,да,,,0,,
121516864_029322000,121516864,LUXVISAGE гель Brow Laminator Extreme Fix прозрачный 4 мл,Товар,4811329047210,4811329047210,да,,,0,,
100797904_863101,100797904,Vivienne Sabo гель Fixateur Gel прозрачный,Товар,,,да,,,0,,
116787472_110053378,116787472,Маска для лица Skin1004 глиняная Madagascar Centella Poremizing 27 г,Товар,8809913830085,8809913830085,да,,,0,,
17500503_787907,17500503,Lumene Matte Oil-Control SPF20 тональный крем 0 light ivory 30 мл,Товар,,,да,,,0,,
110945518_730088,110945518,MEDI-PEEL сыворотка Retinol Collagen Lifting Ampoule для лица 50 мл,Товар,8809409340234,8809409340234,да,,133316960_585652071,0,,
103953701_146432,103953701,Medina Триоксидил средство от облысения 50 мл,Товар,,,да,,,0,,
101326786_194605,101326786,Farmstay c экстрактом жира лошади крем для рук 100 г,Товар,,,да,,,0,,
150110725_166257246,150110725,Sen Sulu blush stick румяна 04 noir berry,Товар,,,да,,,0,,152998349_050379583
139955716_291597148,139955716,"MILLAC Peach Musk парфюмерное масло 8 мл, унисекс",Товар,8800265960031,8800265960031,да,,,0,,
17601129_15142052,17601129,Dr. Jart крем V7 Toning Light для лица 50 мл,Товар,,,да,,,0,,
103159572_15142052,101025546,Farmstay крем Milk Visible Difference White Cream для лица 100 мл,Товар,,,да,,,0,,
113683032_881605252,113683032,Tashe Peeling Shampoo пилинг-шампунь для кожи головы 300 мл,Товар,4812413003464,4812413003464,да,,,0,,
113513794_376874509,113513794,Rom&nd Zero Matte Lipstick помада оранжевый 06 awesome,Товар,,,да,,,0,,
117050976_842281747,117050976,"Come inside me Gardenia духи PARFUM 7 мл, для женщин",Товар,8809783300374,8809783300374,да,,,0,,117250372_009796355
130402393_188327196,130402393,The Act диффузор ароматический Virgin для дома 120 мл,Товар,4678597699462,4678597699462,да,,,0,,
128870417_597978584,128870417,VOIS маска Total Repair 350 мл,Товар,2037528289974,2037528289974,да,,"132206007_746599972,137219984_602041096",0,,
103627124_011631111,103627124,The Act масло гидрофильное для умывания 110 мл,Товар,4678599767411,4678599767411,да,,,0,,131345596_076193921
104887950_286828536,104887950,Celimax крем Noni Energy Repair для лица 50 мл,Товар,8809686386185,8809686386185,да,,,0,,
115920500_410468,115920500,Anua крем Peach 77 Niacin Enriched Cream для лица 50 мл,Товар,8809640734373,8809640734373,да,,,0,,
115064216_890965,115064216,The Act тоник увлажняющий для лица 200 мл,Товар,4678599767619,4678599767619,да,,130790714_083247531,0,,
109724474_601796,109724474,ART SOFFIO тени прессованные Creates Graphics 04 Легендарный коричневый,Товар,,,да,,,0,,
100477040_839424,100477040,Farmstay крем Avocado Premium Pore для лица 100 мл,Товар,8809809800116,8809809800116,да,,,0,,
114103234_902841,114103234,The Act пенка очищающая для умывания лица 100 мл,Товар,4678599767657,4678599767657,да,,,0,,131345596_076193921
110576624_516621,110576624,Rom&nd Glasting Melting Balm 06 Kaya Fig блеск для губ розовый,Товар,,,да,,,0,,
100012922_802896927,100012922,Маска для лица EKEL тканевая Aloe Ultra Hydrating 1 шт,Товар,,,да,,,0,,"102047614_749075336,GIFT_MASK"
100308995_15142052,100308995,JIGOTT крем Snail UV Sun Block SPF50 для лица 70 мл,Товар,,,да,,,0,,
114378456_996520418,114378456,The Act Гель для интимной гигиены Delicate гипоаллергенный гель для интимной гигиены 200 мл,Товар,4678597499383,4678597499383,да,,,0,,
100147113_906657250,100147113,EKEL тканевая Snake 1 шт,Товар,,,да,,,0,,GIFT_MASK
112655765_371512090,112655765,The Act бальзам увлажняющий для губ 24 г,Товар,4678599767565,4678599767565,да,,,0,,
118488011_916568128,118488011,"Sen Sulu Special 1 сухие духи 40 мл, унисекс",Товар,,,да,,,0,,
113682978_938370583,113682978,Tashe Intense Hydration спрей 250 мл,Товар,4812413001163,4812413001163,да,,,0,,151080573_653930442
107116798_177667,107116798,Haruharu WONDER крем Black Rice Hyaluronic для лица 50 мл,Товар,,,да,,,0,,
100384928_15142052,100384928,ENOUGH 8 Peptide Full Cover Perfect SPF50 тональный крем 21 100 мл,Товар,8809605870979,8809605870979,да,,,0,,
123880359_336362911,123880359,Tashe Rosemary Lush сыворотка 100 мл,Товар,4812413006700,4812413006700,да,,"151220983_731333575,149780495_093068369",0,,153113975_223344889
106188735_967084,106188735,Essence Juicy Bomb Shiny Lipgloss блеск для губ прозрачный №09 Fresh Banana,Товар,,,да,,,0,,
108456612_119188,108456612,BEAUTY PROFF Органическая рассыпчатая 01 полупрозрачный,Товар,,,да,,,0,,
106353696_875050993,106353696,Ollin Professional Style Tермозащитный спрей-кондиционер 250 мл,Товар,4660077772383,4660077772383,да,,,0,,
120337548_409629921,120337548,Round Lab Skin Care Trial Kit набор по уходу за лицом унисекс,Товар,8809962540270,8809962540270,да,,,0,,
131656797_858706551,131656797,Маска для лица Medicube ночная collagen night wrapping mask 75 мл,Товар,,,да,,,0,,
104104022_385389,104104022,The Act скраб антицеллюлитный кокосовый для тела 300 г,Товар,4678599767169,4678599767169,да,,,0,,130805038_805158954
117414561_545443327,117414561,Round Lab 1025 Dokdo мицеллярная вода 400 мл,Товар,8809738607343,8809738607343,да,,,0,,
103680267_15142052,103680267,"Cos De BAHA сыворотка Arbutin Niacinamide для зоны декольте, для лица 30 мл",Товар,8809240318324,8809240318324,да,,,0,,
128109701_393186914,128109701,The Act сыворотка очищающая для проблемной кожи для лица 50 мл,Товар,4678597499116,4678597499116,да,,,0,,
105775437_786827,105775437,MANYO пилинг Pure Aqua Natural PHA 120 мл,Товар,8809730951468,8809730951468,да,,101180928_908219,0,,
114296200_858185234,114296200,BABOR Cleansing Routine набор по уходу за лицом для женщин,Товар,,,да,,,0,,
108756493_727104361,108756493,Influence Universum Stick 3 in 1 румяна 04,Товар,4602006330134,4602006330134,да,,121029519_243533418,0,,
140025158_994376888,140025158,"MILLAC Pure Soap парфюмерное масло 8 мл, унисекс",Товар,8800265960017,8800265960017,да,,,0,,
100174398_324422,100174398,Farmstay Black Pearl крем для рук 100 г,Товар,,,да,,,0,,
150110766_557988615,150110766,Sen Sulu blush stick румяна 01 petal glow,Товар,,,да,,,0,,
102547837_15142052,102547837,Aroma Home Апельсиновый цветок с эвкалиптом 50 мл,Товар,,,да,,,0,,
116535224_497203548,116535224,Niks Face крем несмываемая 150 мл,Товар,,,да,,,0,,
112138057_434446,112138057,BEAUSTA Cicarecipe Serum Cushion SPF50 кушон 23 15 мл,Товар,,,да,,,0,,
111218308_280951810,111218308,Influence Skinnovation Hydra тональный крем 2 25 мл,Товар,4602006309888,4602006309888,да,,,0,,
112237391_779294,112237391,O HUI крем Clinic Science для лица 75 мл,Товар,,,да,,,0,,
114719331_572588598,114719331,MEDI-PEEL Aesthe Derma Lacto Collagen AHA+BHA пенка 300 мл,Товар,,,да,,,0,,115231115_410385882
100796464_985941,100796464,Shik спонж капля синтетический ворс 1 шт,Товар,,,нет,119683721_659812003,,0,,
109724479_839480,109724479,ART SOFFIO тени прессованные Creates Graphics 05 Лесная дива,Товар,,,да,,,0,,
117134843_088251627,117134843,The Act Virgin молочко для тела 300 мл,Товар,4678597499314,4678597499314,да,,,0,,"131345629_366680155,130828082_711406574"
110870764_473568538,110870764,Dr.Ceuracle ампульная сыворотка Royal Vita Propolis 33 Ampoule для лица 15 мл,Товар,,,да,,,0,,119121546_832239440
138223798_108276870,138223798,Round Lab Soybean Panthenol пенка 150 мл,Товар,8809962541963,8809962541963,да,,,0,,
17500577_473091,121099998,Lumene Matte Oil-Control SPF20 тональный крем 00 ultra light 30 мл,Товар,,,да,,,0,,
161289866_518247841,161289866,RoRoBell Тональный кушон с SPF45+ для лица кушон 21 15 г,Товар,8800316299776,8800316299776,да,,161574593_135154316,0,,
104104028_681821,104104028,"The Act скраб Грейпфрут для ног, для тела 300 г",Товар,4678599767282,4678599767282,да,,,0,,"115064234_405847,129083852_559821810"
112385458_448422315,112385458,BABOR Refining Enzyme Vitamin C энзимная пудра 15 г,Товар,4015165363170,4015165363170,да,,,0,,
108648691_313941,108648691,Tocobo крем Multi Ceramide для лица 50 мл,Товар,8809835060027,8809835060027,да,,,0,,
100128570_448245783,100128570,"VICHY NORMADERM Интенсивно очищающий гель для лица и тела, 400 мл",Товар,,,да,,,0,,
115036935_529724496,115036935,Catrice Melted Sun Cream Bronzer бронзер 020 Beach Babe,Товар,4059729419248,4059729419248,да,,143002363_157980885,0,,
103967566_15142052,103967566,Farmstay крем AloeVera Perfect SPF65 для лица 80 мл,Товар,,,да,,,0,,
38100015_852933809,38100015,PUPA Luminys Silky Baked Face Powder сухая 01 светло-бежевый светло-бежевый,Товар,8011607099146,8011607099146,да,,,0,,
117558731_788734002,117558731,Skin1004 Madagascar Centella набор по уходу за лицом для женщин,Товар,,,да,,,4,104868246_15142052|Skin1004 Madagascar Centella Ampoule пенка 125 мл|1.0; 104762771_15142052|Skin1004 тонер Madagascar Centella Toning 210 мл|1.0; 109249274_125869|Skin1004 крем Madagascar Centella Cream для лица 75 мл|1.0; 116668199_945061141|Skin1004 крем Madagascar Centella Air-Fit Suncream Light SPF30 для лица 50 мл|1.0,
108098538_15142052,108098538,LAGOM Cellup Gel To Water Cleanser гель-пенка 170 мл,Товар,8809450981240,8809450981240,да,,,0,,
124383398_306345809,124383398,AXIS-Y тонер Dark Spot Correcting Glow 125 мл,Товар,8809634610959,8809634610959,да,,"142068942_805935246,142370344_585265488,143973062_282782508,144202916_674440641,149384131_700997843,150540266_691665986,155238819_333629544,156920244_806054632,142929584_480134523",0,,
109830569_338791,109830569,Tocobo Coconut пенка 150 мл,Товар,8809835060034,8809835060034,да,,,0,,
109397641_172365998,109397641,Lacto-Fit gold порошок 100,Товар,,,да,,,0,,
102054505_15142052,102054505,MANYO тонер Bifida Cica Herb 210 мл,Товар,8809730951963,8809730951963,да,,,0,,
17300775_007085818,17300775,"BVLGARI Aqva Marine туалетная вода EDT 100 мл, для мужчин",Товар,,,да,,,0,,
108511076_301088844,108511076,Тушь для ресниц LUXVISAGE Fan! Volume для объема черный,Товар,4811329039994,4811329039994,да,,,0,,
113572679_126226312,113572679,"Bielita-Вiтекс Pink Passion парфюмированный спрей 150 мл, для женщин",Товар,4813406011954,4813406011954,да,,"123384684_048449086,121376129_772833223",0,,"121398082_283765240,122564762_175568691,117773681_567082235,132878976_025444423,122243140_331008490"
102371828_270599,102371828,Welcos Confume Argan шампунь 750 мл,Товар,,,да,,,0,,
103087914_940974,103087914,WOKALI скраб Avocado для тела 350 мл,Товар,,,да,,,0,,
101475179_15142052,101475179,Farmstay тонер Hyaluronic Multi Aqua Ultra 500 мл,Товар,,,да,,,0,,
106516388_750502219,106516388,The Act Ламеллярный крем для рук 65 мл,Товар,4678599767497,4678599767497,да,,,0,,
100886409_157538459,100886409,HERA крем Sun Mate Leports SPF50 для лица 70 мл,Товар,,,да,,104725988_749904403,0,,
139959653_623439542,115753242,The Act шампунь Everyday для волос 280 мл,Товар,4678597499420,4678597499420,да,,,0,,
112709558_448333233,112709558,Torriden крем Dive In Low Molecular Hyaluronic Acid для лица 80 мл,Товар,8809504741660,8809504741660,да,,,0,,
17601947_353046300,17601947,La Roche-Posay бальзам Cicaplast B5 Soothing Reparing для лица 40 мл,Товар,,,да,,,0,,
150110680_141142699,150110680,Sen Sulu blush stick румяна 02 sunrise glow,Товар,8683077752748,8683077752748,да,,,0,,
118385944_709670715,118385944,Пудра Ponds Watermelon Fresh & Bright рассыпчатая Translucent полупрозрачный,Товар,8851932455350,8851932455350,да,,,0,,
105868383_15142052,105868383,MANYO крем Foundation Free Sun SPF50 для лица 50 мл,Товар,8809730954094,8809730954094,да,,,0,,
101958464_825085535,101958464,CU Skin сыворотка Clean Up Vitamin C+ для лица 20 мл,Товар,,,да,,,0,,
102828115_248229168,102828115,LUXVISAGE Lip Volumizer Hot Vanilla блеск для губ 306 Ice Taupe,Товар,4811329036504,4811329036504,да,,,0,,
100362820_15142052,100362820,Some by Mi тонер Aha Bha Pha 30 Days Miracle 150 мл,Товар,,,да,,,0,,
121231089_944418070,121231089,Anua Hyaluronic Acid 8 Panthenol пенка 150 мл,Товар,8809640735561,8809640735561,да,,,0,,
100541452_327867,100541452,"Loreal Paris Telescopic для объема, удлиняющая черный",Товар,3600521479452,3600521479452,да,,,0,,
38100331_687577201,38100331,Golden Rose Long Wear Finishing Powder,Товар,,,да,,,0,,
107970156_028653289,107970156,Influence Skinnovation Matte тональный крем 01 бело-бежевый 25 мл,Товар,4602006309741,4602006309741,да,,,0,,
130053640_882331305,130053640,Tashe Shine Sandal спрей 200 мл,Товар,4812413007080,4812413007080,да,,"151080580_180336055,153606148_507008327",0,,
109862485_972804,109862485,Umai Beauty крем Bliss Collagen для лица 30 мл,Товар,2100000000067,2100000000067,да,,,0,,"115873361_127755,132322757_294030223,114689881_559978,112345399_862121,115715427_165511,113345413_495226,115705932_692011,113399880_345810,118828627_413735802,115413565_603610,128851325_171378229,130700793_572900272,116600958_926601361"
137281197_701292030,137281197,Tashe Солевой спрей для волос с эффектом объема спрей средняя фиксация 200 мл,Товар,4812413007219,4812413007219,да,,,0,,
100999150_15142052,100999150,The Ordinary сыворотка Retinol 0.5% in Squalane для лица 30 мл,Товар,,,да,,,0,,
103722271_859308322,103722271,The Act Масло сухое от растяжек масло 110 мл,Товар,4678599767602,4678599767602,да,,,0,,
21900311_302861,21900311,TONY MOLY Clean Dew Aloe пенка 180 мл,Товар,8806358531485,8806358531485,да,,,0,,
17600180_15142052,17600180,Deoproce крем Snail Recovery для лица 100 г,Товар,8809240760659,8809240760659,да,,,0,,
107970163_082419297,107970163,Influence Skinnovation Hydra тональный крем 01 25 мл,Товар,4602006309864,4602006309864,да,,,0,,
17400288_395670,107651538,"Тушь для ресниц Maybelline New York Lash Sensational для объема, подкручивающая черный",Товар,,,да,,108812565_413956,0,,
109349875_735785923,109349875,BEAUTY PROFF набор кистей для макияжа Travel Set 5,Товар,,,да,,,0,,
161551368_125572788,161551368,AXIS-Y тонер PDNR 270 мл,Товар,,,да,,,0,,
109007073_577911,109007073,Beauty Creations спонж капля поролон 1 шт,Товар,,,да,,,0,,
108427590_900049156,108427590,"The Act масло для кутикулы, ногтей и рук 20 мл",Товар,4678599767268,4678599767268,да,,,0,,
100698067_865865861,100698067,Elemis Pro-Collagen Marine Cream крем 50 мл,Товар,,,да,,,0,,
101197393_428785307,101197393,Тушь для ресниц Maybelline New York Cils Sensational Sky High удлиняющая черный,Товар,30166967,30166967,да,,,0,,
144391961_341299073,144391961,Vitamin Village Tart Cherry Collagen стик 15 шт,Товар,8809772271289,8809772271289,да,,,0,,144168205_605950554
103534675_110557463,103534675,The Act Манго крем-баттер для тела 180 мл,Товар,4678599767299,4678599767299,да,,136593012_525200318,0,,"130805038_805158954,130828082_711406574"
112418487_699714598,112418487,BABOR крем Skinovage Purifying Cream для лица 50 мл,Товар,,,да,,,0,,
116423473_408064352,116423473,BEAUTY PROFF Silver Brush Set 12,Товар,4870237018859,4870237018859,да,,,0,,
107206695_15142052,107206695,Beauty of Joseon Green Plum Refreshing гель 100 мл,Товар,8809738314678,8809738314678,да,,,0,,115841574_239537
100550111_229254414,100550111,Водостойкая тушь для ресниц Maybelline New York Lash Sensational черный,Товар,,,да,,,0,,
101620044_556821777,101620044,ART SOFFIO тени прессованные MASTERS 6 Purple Dream лиловая мечта,Товар,,,да,,,0,,
113662475_823484959,113662475,Tashe Nutrition шампунь 300 мл,Товар,4812413000944,4812413000944,да,,,0,,"112626222_182336133,114344103_804034449"
100352549_15142052,100352549,Farmstay Solution Collagen сыворотка для лица 30 мл,Товар,,,да,,,0,,
114886073_483938,114886073,Dr.Ceuracle Hyal Reyouth Trio Set набор по уходу за лицом для женщин,Товар,,,да,,,0,,
102807470_322382,102807470,MANYO Pure Deep Cleansing Foam пенка 200 мл,Товар,8809730959174,8809730959174,да,,,0,,
103156475_15142052,103156475,Farmstay крем Black Snail & Peptide 9 Perfect для лица 55 мл,Товар,,,да,,,0,,
100114017_15142052,100114017,MEDI-PEEL эссенция Peptide 9 Volume 100 мл,Товар,8809941820386,8809941820386,да,,,0,,
101239725_207772,101239725,Dr.Ceuracle тонер Hyal Reyouth 120 мл,Товар,,,да,,,0,,"119121546_832239440,104338160_970515"
109006983_209103,109006983,Beauty Creations спонж капля поролон 1 шт,Товар,,,да,,,0,,
132322591_938832343,132322591,Anua сыворотка PDRN Hyaluronic Capsule 100+ для лица 30 мл,Товар,8809640736667,8809640736667,да,,,0,,
108635021_379692641,108635021,Судокрем 125 г,Товар,4630013791464,4630013791464,да,,,0,,
107933330_675690399,107933330,SKIN&LAB сыворотка Barrierderm Milky для лица 50 мл,Товар,,,да,,,0,,
104280005_879216513,104280005,Pyunkang Yul Deep Clear бальзам 100 мл,Товар,,,да,,,0,,
102350074_744514333,102350074,Loreal Paris Absolut Repair 500 мл,Товар,,,да,,,0,,
219401666,123117303,1Kids Йода-Line экстракт 280,Товар,,,да,,,1,505548447|1Kids Йода-Line Детская каша 1 шт 280 мл|5.0,
102875846_15142052,102875846,Farmstay Avocado крем для тела 300 мл,Товар,,,да,,,0,,
102258966_243144,102258966,"Кремовые румяна 3в1: для лица, век и губ Shik Perfect Liquid Blush 04",Товар,,,да,,,0,,
100367547_836728783,100367547,"VICHY DERCOS Интенсивный шампунь-уход против перхоти для чувствительной кожи головы, 200 мл",Товар,,,да,,,0,,
116337042_826127347,116337042,"Catrice Summer Obsession Bronzer Blush Highlighter Palette Matte And Glow хайлайтер, бронзер 0",Товар,,,да,,,0,,
100222431_744809,100222431,Milani Cosmetics Conceal+ Perfect Longwear консилер 110 Nude Ivory,Товар,,,да,,,0,,
100208281_552037650,100208281,BABOR Cleansing Gel Tonic гель 200 мл,Товар,,,да,,,0,,
120169927_239884990,120169927,The Act набор шампунь и маска Everyday для волос 280 мл,Товар,4678597699813,4678597699813,да,,,0,,
112364525_104238,118224262,Maybelline New York Super Stay Matte Ink жидкая помада 140,Товар,,,да,,,0,,
109640611_050000441,109640611,Loreal Professionnel Paris Vitamino Color шампунь 500 мл,Товар,3474636975952,3474636975952,да,,,0,,
110946098_823801707,110946098,D'Alba сыворотка Moist Glow Sun SPF50 для лица 30 мл,Товар,,,да,,,0,,
136632944_644398239,136632944,Purito Wonder Releaf Centella SPF30 BB крем 21 Light Beige 30 мл,Товар,,,да,,,0,,
108456613_453782122,108456613,BEAUTY PROFF Baby Pink набор кистей 10 шт,Товар,,,да,,,0,,
104335695_919347,104335695,Likato Professional Pefect Hair 17 in 1 крем-спрей 250 мл,Товар,,,да,,101291213_572039,0,,
100371303_15142052,100371303,MEDI-PEEL крем Cica Antio для лица 30 мл,Товар,8809409343549,8809409343549,да,,,0,,
122437773_534832559,122437773,The Act спрей-кондиционер детский для волос 250 мл,Товар,4630420060665,4630420060665,да,,,0,,
119230337_923680178,119230337,LAGOM стик Airy Velvet sun SPF50 для лица 18 г,Товар,8809450982216,8809450982216,да,,,0,,
100371600_291599,100371600,"LA ROCHE-POSAY LIPIKAR AP+M Липидовосполняющий бальзам тройного действия для лица и тела, 75 мл",Товар,,,да,,,0,,
114817359_581078123,114817359,BIDALLI лосьон Glow Sun SPF50+ 50 мл,Товар,8809085106728,8809085106728,да,,,0,,
107736484_15142052,107736484,MEDI-PEEL Glutathione Mela Toning SPF50 BB крем нейтральный 50 мл,Товар,,,да,,,0,,
110714095_919528287,110714095,HELDI Repaiir набор по уходу за волосами для женщин,Товар,4610012280817,4610012280817,да,,,0,,
112900974_401002726,112900974,HELDI Full Density набор по уходу за волосами для женщин,Товар,,,да,,112901028_283524314,0,,
132140672_535701775,132140672,Anua сыворотка Azelaic Acid 10 Hyaluron для лица 30 мл,Товар,8809640737190,8809640737190,да,,,0,,
144108453_141937867,144108453,Anlee beauty Endless Love парфюмированное масло для интимной гигиены для тела 7 г,Товар,,,да,,"143448859_756421924,144894724_744731147",0,,
100294481_643924195,100294481,EKEL Cucumber пенка 180 мл,Товар,,,да,,,0,,
100154439_950368,100154439,Topface Instyle тени прессованные Pro Palette 018,Товар,,,да,,,0,,
100904679_15142052,100904679,Etude House эмульсия Soon Jung 10-Free Moist для лица 120 мл,Товар,,,да,,,0,,
112388044_356784464,112388044,MIXIT Spa Rituals Coconut крем-баттер для тела 250 мл,Товар,,,да,,,0,,
101913616_411796,101913616,Chupa Chups Candy Glow SPF 50+ сменный блок Banana 4.0 Medium 14 мл,Товар,,,да,,,0,,
106633033_162980303,106633033,Ollin Professional Style Medium мокрый эффект гель средняя фиксация 200 мл,Товар,,,да,,,0,,
120748635_170117555,120748635,"Medicube крем-гель Collagen Jelly для лица, для зоны декольте 110 мл",Товар,8800256112227,8800256112227,да,,,0,,
101291213_572039,101291213,Likato Professional Perfect Hair спрей средняя фиксация 250 мл,Товар,,,нет,104335695_919347,,0,,
134393454_258920227,134393454,LUXVISAGE Icon Lips блеск для губ 510 Rosewood,Товар,4811329047364,4811329047364,да,,,0,,
109724442_316425,109724442,ART SOFFIO тени прессованные Creates Graphics 01 Ночной бриллиант,Товар,,,да,,,0,,
112161520_930549474,117974400,CLIO Kill Cover Founwear Foundation SPF30 тональный крем 03 Linen 13 мл,Товар,,,да,,,0,,
100374864_15142052,100374864,Banila Co Clean It Zero Cleansing Purifying бальзам 100 мл,Товар,,,да,,,0,,
110236345_130993702,110236345,Celimax крем с центеллой The Real Cica Soothing для лица 50 мл,Товар,8809782557861,8809782557861,да,,,0,,
118324658_650810640,118324658,MIXIT Spa Rituals Volcanic Vanilla крем-баттер для тела 250 г,Товар,,,да,,,0,,
17500915_703683673,17500915,Loreal Paris Infaillible 32H Fresh Wear SPF25 тональный крем 125 30 мл,Товар,,,да,,,0,,
109035872_15142052,109035872,PRE MORE крем Sundefender Aqua Sun Light Texture SPF50 для лица 50 мл,Товар,8809875900932,8809875900932,да,,,0,,
112846054_328267580,112846054,Abib Quick Sunstik Protection Bar SPF50+ PA++++ солнцезащитный стик 22 г,Товар,,,да,,106167554_656585217,0,,
120819795_430667464,120819795,Dr. Althea сыворотка 0.1% Gentle Retinol для лица 30 мл,Товар,,,да,,,0,,
110350447_844266234,110350447,The History of Whoo Cheongidon Radiant Rejuvenating набор по уходу за лицом для женщин,Товар,,,да,,,0,,
107499633_382669283,107499633,Точилка ART SOFFIO одинарная 1 шт,Товар,,,да,,,0,,
131455716_894877602,131455716,The Act крем-праймер увлажняющий для лица 65 мл,Товар,4678597699417,4678597699417,да,,,0,,
108647907_732517230,100740453,Tarte Shape Tape консилер 12N Fair Neutral,Товар,,,да,,,0,,
100373808_15142052,100373808,Some by Mi Yuja Niacin 30 Days Brightening Starter Kit набор по уходу за лицом для женщин,Товар,,,да,,,0,,
100154427_474771,100154427,Topface тени прессованные Pro palette eyeshadow 006,Товар,,,да,,,0,,
104829572_091798234,104829572,"SKIN&LAB крем Barrierderm Intensive для лица, для зоны декольте 50 мл",Товар,8809525931132,8809525931132,да,,,0,,
118600430_433367385,118600430,The Act масло восстанавливающее Extra для волос 50 мл,Товар,4678597499277,4678597499277,да,,103993718_920302422,0,,
101984861_15142052,101984861,Some by Mi AHA-BHA-PHA 30 Days Miracle Travel Kit набор по уходу за лицом для женщин,Товар,,,да,,,0,,
132716940_621968259,132716940,VOIS крем Acne Control для лица 50 мл,Товар,,,да,,,0,,
100073877_639686718,100073877,LUXVISAGE Silk Dream румяна №2 персик,Товар,4811329018814,4811329018814,да,,,0,,
130147100_859018381,130147100,Dr. Althea тонер Pro Lab Anastatica Skin Conditioning Toner 250 мл,Товар,8809447253152,8809447253152,да,,,0,,
101403325_159876721,101403325,MEDI-PEEL Aesthe Derma Lacto Collagen Clear пенка 300 мл,Товар,,,да,,,0,,
107386045_15142052,107386045,Dr. Jart Beauty Balm Rejuvenating Silver Label BB крем Brightening 40 мл,Товар,,,да,,,0,,
17601838_15142052,17601838,Dr. Jart Beauty Balm Rejuvenating Silver Label BB крем Whitening 40 мл,Товар,8809724470609,8809724470609,да,,,0,,
136120370_645637124,136120370,VOIS Crystal дезодорант унисекс 120 г,Товар,2037252644483,2037252644483,да,,,0,,
100341040_15142052,100341040,Heimish All Clean бальзам 120 мл,Товар,8809481760678,8809481760678,да,,"135466180_957405110,141781570_042646454,147201779_952416357,100678186_15142052",0,,
100541484_809509351,100541484,Тушь для ресниц Loreal Paris Volume Million Lashes So Couture для объема черный,Товар,3600522755111,3600522755111,да,,,0,,
160443059_003808953,160443059,"Centellian 24 крем Madeca cream для лица, для области вокруг глаз, для зоны декольте, для носогубной области 50 мл",Товар,8806109101257,8806109101257,да,,,0,,
101620150_528188393,101620150,ART SOFFIO S-68-121 Black is Black черный,Товар,4897045410156,4897045410156,да,,,0,,
100028087_15142052,100028087,Farmstay сыворотка All-In-One Collagen and Hyaluronic Acid Ampoule Anti-Wrinkle Whitening для лица 250 мл,Товар,8800260032009,8800260032009,да,,,0,,
100341013_15142052,100341013,Etude House Baking Powder Pore пенка 160 мл,Товар,,,да,,100551672_15142052,0,,
102054529_15142052,102054529,MANYO тонер Galac Whitening Vita 210 мл,Товар,,,да,,,0,,
101494857_933011155,101494857,Just Malve дезодорант-антиперспирант для женщин 50 мл,Товар,,,да,,,0,,
103722058_247557,103722058,MEDI-PEEL Mela stick peptide 9 стик 10 мл,Товар,,,да,,,0,,
144938592_562523112,144938592,PRE MORE Natural Cover SPF20 PA + кушон 21 Light nude 12 г,Товар,,,да,,,0,,
109996894_039371628,109996894,Catrice Cheek Lover Marbled румяна 010,Товар,,,да,,,0,,
17300768_261303801,17300768,"DOLCE&GABBANA L'Imperatrice туалетная вода EDT 100 мл, для женщин",Товар,,,да,,,0,,
135017779_330296895,135017779,AXIS-Y Cis Eoy Set набор уходовой косметики унисекс,Товар,8809634611048,8809634611048,да,,,0,,
100469921_200209,100469921,"Тушь для ресниц Heimish Dailism Smudge Stop Mascara удлиняющая, подкручивающая черный",Товар,8809481760524,8809481760524,да,,109810285_469168,0,,
21900337_540088,21900337,La Roche-Posay Effaclar Microbiome Science гель 400 мл,Товар,3337872411991,3337872411991,да,,,0,,
100034836_950366,100034836,Compliment Fix Fresh фиксатор макияжа для лица 110 мл,Товар,4630049641757,4630049641757,да,,,0,,
17301067_979430373,17301067,"Nasomatto Black Afgano парфюмерная вода EDP 30 мл, унисекс",Товар,,,да,,,0,,
100385113_942879,100385113,Маска для лица Farmstay тканевая Aloe 1 шт,Товар,,,да,,,0,,"104988162_792884,102047688_642546,GIFT_MASK"
102464522_507132354,102166441,Loreal Paris Professionnel Vitamino Color для окрашенных волос маска 500 мл,Товар,,,да,,,0,,
17500210_15142052,17500210,MISSHA Magic Cushion Cover Lasting кушон 21 15 г,Товар,8809747960903,8809747960903,да,,100678265_159955,0,,
109171316_880570,109171316,Skin1004 крем Hyalu-Cica Water-Fit Sun SPF50 для лица 50 мл,Товар,8809576261592,8809576261592,да,,,0,,117040104_545098848
109457059_555714,109457059,Romand Glasting Melting Balm блеск для губ 05 Nougat Sand,Товар,,,да,,,0,,
102334149_784939,102334149,Farmstay крем Oil Free UV Defence SPF50 для лица 70 мл,Товар,,,да,,,0,,
105496785_15142052,105496785,"Round Lab крем 1025 Dokdo для лица, для зоны декольте 80 мл",Товар,8809738591154,8809738591154,да,,,0,,"109116519_473452028,109993984_475877,117620886_708137070,116339217_842305972,119299764_343767472"
130053691_591673355,130053691,Tashe Moringa для густоты волос сыворотка 100 мл,Товар,4812413007059,4812413007059,да,,,0,,
109001136_721046290,109001136,ICHTHYONELLA Индекс натуральности мягкое очищение гель 400 мл,Товар,,,да,,,0,,
116045237_399766,116045237,Skin1004 Glow 1004 Duo набор по уходу за лицом для женщин,Товар,,,да,,,0,,
102706437_15142052,102706437,MISSHA Magic Cushion Moisture кушон 21 duck 15 мл,Товар,8806185765015,8806185765015,да,,109969866_121392,0,,
112609118_553773,112609118,Flormar Matte Color набор карандашей 12 шт,Товар,,,да,,,0,,
114096923_165253558,114096923,Tashe маска Renovator 500 мл,Товар,4812413001057,4812413001057,да,,,0,,114344103_804034449
104242993_407437507,104242993,Round Lab пилинг 1025 Dokdo 120 мл,Товар,,,да,,,0,,
133942849_007849323,133942849,The Act Delicate энзимная пудра 120 г,Товар,,,да,,,0,,
118273997_229154393,118273997,To My Skin сыворотка Retinol Vitamin C Anti-Age для лица 30 мл,Товар,4631170165952,4631170165952,да,,,0,,
100665871_15142052,100552296,Banila Co Clean It Zero Original пенка 150 мл,Товар,,,да,,,0,,
104989396_15142052,104989396,Eveline Cosmetics Wonder Match тональный крем 15 Natural 30 мл,Товар,5903416017752,5903416017752,да,,,0,,
100155295_875132,100155295,ENOUGH Gold Snail Moisture Foundation SPF30 PA ++ тональный крем 13 100 мл,Товар,,,да,,,0,,
106601355_293791,106601355,Пудра FFLEUR Two Way Cake кремовая №01 светло-бежевый,Товар,4712826232898,4712826232898,да,,,0,,
128198467_373820680,128198467,Celimax крем Pore Dark Spot Brightening для лица 35 мл,Товар,8809971484503,8809971484503,да,,,0,,137036304_800357788
21900207_552113794,21900207,"VICHY NORMADERM Интенсивно очищающий гель для лица и тела, 200 мл",Товар,3337875663076,3337875663076,да,,,0,,
120819327_765884418,120819327,RoRoBell Bfadation тональный крем 23 30 мл,Товар,8809657117879,8809657117879,да,,139751278_369898392,0,,
108454533_439243,108454533,Heimish тени прессованные Dailism Nudie Rose,Товар,,,да,,,0,,
118638252_497890143,118638252,The Act шампунь Extra для волос 280 мл,Товар,4678597699493,4678597699493,да,,,0,,
100675870_15142052,100675870,Dr.Ceuracle крем Pro Balance Biotics Moisturizer для лица 100 мл,Товар,8806133614013,8806133614013,да,,,0,,"115412692_737476,115751776_505054,115794793_184243"
101724514_428245836,101724514,Воск ITALWAX Кокос плотность средняя в картридже 100 мл,Товар,8052532724864,8052532724864,да,,,0,,"116849461_939353949,116768471_008857175"
104762771_15142052,104762771,Skin1004 тонер Madagascar Centella Toning 210 мл,Товар,8809576261141,8809576261141,да,,,0,,"109089122_15142052,117558731_788734002,117040104_545098848,117524726_515345253,117524736_846606362,131118366_083460218,117524727_243310155"
109305294_270319,109305294,Romand Nu Zero Cushion SPF24 кушон 02 Pure 21 15 мл,Товар,,,да,,,0,,
114898428_730283136,114898428,MIXIT Collagen + Amino Acids набор по уходу за волосами унисекс,Товар,,,да,,,0,,
104817302_618913040,104817302,Dr. Althea Aurora Cover Cushion Moisture кушон 21 15 мл,Товар,,,да,,,0,,
103907513_15142052,103907513,Skin1004 Madagascar Centella Light гидрофильное масло 200 мл,Товар,8809576261110,8809576261110,да,,,0,,
102019852_15142052,102019852,Dr.Ceuracle Tea Tree Purifine Duo Set набор по уходу за лицом для женщин,Товар,,,да,,107190811_15142052,0,,
105850453_997011106,105850453,Round Lab 1025 Dokdo пенка 150 мл,Товар,8809738608364,8809738608364,да,,"143130914_687187233,151687742_136549888",0,,"109116519_473452028,117558215_806676528,113128303_702678394,117620886_708137070,116878600_193386843,116339217_842305972,119299764_343767472"
100371520_805604,100371520,Патчи MEDI-PEEL гидрогелевые Hyaluron Rose Peptide 9 питательные 60 шт,Товар,,,да,,,0,,
17400312_480647,17400312,"Тушь для ресниц Loreal Paris Telescopic Explosion для объема, удлиняющая черный",Товар,3600521479308,3600521479308,да,,,0,,137636768_864877008
101011580_15142052,101011580,A'pieu крем Kalamansi для лица 50 мл,Товар,,,да,,,0,,
104985153_319544,104985153,Skin1004 Madagascar Centella Hyalu-Cica Moisture Cream крем для лица 75 мл,Товар,8809576261493,8809576261493,да,,,0,,109089118_15142052
109458142_055614671,109458142,Romand Glasting Melting Balm блеск для губ 03 Sorbet Balm,Товар,8809625248819,8809625248819,да,,,0,,
140637886_509621043,140637886,Пудра Ponds Pinkish Glow рассыпчатая 01 прозрачный,Товар,8851932111805,8851932111805,да,,,0,,
106059728_911635279,106059728,The Act Грушевое лакомство крем для тела 150 мл,Товар,4678599767435,4678599767435,да,,,0,,
100665948_954226,100665948,Black Rice крем Aha Bha Pha Intensive для лица 50 г,Товар,8809480655432,8809480655432,да,,,0,,
38100017_663359557,38100017,PUPA Luminys Silky Baked Face Powder запеченная 05 Янтарный темно-бежевый,Товар,8011607099160,8011607099160,да,,,0,,
114802008_939074685,114802008,BIDALLI сыворотка Vegan Tone-up Vita для лица 50 мл,Товар,,,да,,,0,,119189813_954305787
106057282_577911806,106057282,Skin1004 ампульная сыворотка Madagascar Centella Tea-Trica Relief для лица 100 мл,Товар,8809576261677,8809576261677,да,,,0,,
119866281_990843776,119866281,RoRoBell Bfadation тональный крем 21 30 мл,Товар,8809657117862,8809657117862,да,,139751265_581176906,0,,
120333247_216548488,120333247,BIDALLI тонер Vegan Centella Asiatica Toner 50 мл,Товар,,,да,,,0,,
100964429_025393397,100964429,Catrice Sun Glow Matt Bronzing Powder пудра-бронзер 030 Medium Bronze,Товар,,,да,,,0,,
100385095_15142052,101776248,Etude House Baking Powder BB Deep пенка 160 мл,Товар,8809668028041,8809668028041,да,,,0,,
101241832_544197,101241832,Dry Dry Classic антиперспирант унисекс 35 мл,Товар,,,да,,,0,,
122467016_183892317,122467016,Loreal Paris Infaillible 32H Fresh Wear SPF25 тональный крем 10 30 мл,Товар,3600524128029,3600524128029,да,,,0,,
100556125_954446732,100556125,Loreal Paris Infaillible More Than Concealer консилер 320 фарфор,Товар,,,да,,,0,,
102804426_447390,102804426,WOKALI скраб Aloe Vera для тела 350 мл,Товар,,,да,,,0,,
104288175_834149997,104288175,Skin1004 ампульная сыворотка Madagascar Centella для лица 30 мл,Товар,,,да,,,0,,
109720970_673343556,109720970,Tocobo тонер Aha Bha Lemon Toner 150 мл,Товар,,,да,,,0,,
38100016_224293482,38100016,Пудра PUPA Luminys Silky Baked Face Powder рассыпчатая 04 Шампань бежевый,Товар,8011607099153,8011607099153,да,,,0,,
101481374_945648,101481374,CU Skin гель Vitamin U Aqua SPF50 для лица 50 мл,Товар,8809207220738,8809207220738,да,,,0,,
17601542_15142052,17601542,Farmstay крем Visible Difference Snail Sun SPF50 PA+++ для лица 70 мл,Товар,,,да,,103027835_15142052,0,,
109006980_462902,109006980,Beauty Creations спонж капля поролон 1 шт,Товар,,,да,,,0,,
17501019_15142052,17501019,Starway WaterBased Foundation тональный крем 10105 140 мл,Товар,,,да,,,0,,
104829563_369534,104829563,SKIN&LAB сыворотка Vitamin C Brightening для лица 30 мл,Товар,8809525930494,8809525930494,да,,,0,,119856112_065205531
102019830_651352585,102019830,LANEIGE маска Berry ночная 20,Товар,,,да,,,0,,
108242577_756254932,106138480,D'Alba сыворотка White Truffle Premium Intensive Solution для лица 50 мл,Товар,,,да,,,0,,
115907307_859132,115907307,Anua крем Airy sun SPF50+ для лица 50 мл,Товар,,,да,,,0,,
103217624_508941610,103217624,Beauty of Joseon пилинг Apricot Blossom 100 мл,Товар,8809738312872,8809738312872,да,,,0,,
107970162_307708537,107970162,Influence Skinnovation Hydra тональный крем 3 25 мл,Товар,4602006309901,4602006309901,да,,,0,,
151135712_195279836,151135712,Tashe Tashe Rosemary Lush для кожи головы масло 100 мл,Товар,4812413006946,4812413006946,нет,124456218_855178620,,0,,
100669442_15142052,100669442,Dr. Jart крем Ctrl-A Teatreement Moisturizer Hydratant для лица 50 мл,Товар,8809642712881,8809642712881,да,,103124512_139414,0,,"109127840_426611,119351095_569770748,117243691_136326834,117243690_976221705,108219156_523612"
137036322_077378064,137036322,"Isntree крем-гель Hyaluronic Acid Watery Sun Gel SPF50+ PA++++ для лица, для зоны декольте 50 мл",Товар,8809686384204,8809686384204,нет,104464180_689076,,0,,
104442030_973726,104442030,BEAUTY PROFF спонж скошенный полиамид 1 шт,Товар,,,да,,,0,,
100385439_514313,100670034,Dr. Jart Ctrl+A Teatreement пенка 120 мл,Товар,8809642712874,8809642712874,да,,100918829_266331411,0,,"119351095_569770748,117243691_136326834,117243690_976221705,108219156_523612"
102274184_15142052,102274184,Dr.Ceuracle крем 5α Control No-Sebum SPF50 для лица 50 мл,Товар,,,да,,,0,,
105212827_743198,105212827,Isntree крем Hyaluronic Acid Natural SPF50 для лица 50 мл,Товар,8809782554464,8809782554464,нет,104464180_689076,,0,,
101698023_15142052,101698023,CELLIO крем Hyaluron Whitening Sun Cream SPF50 для лица 70 г,Товар,8809632884499,8809632884499,да,,,0,,
100552263_672916,100552263,Пудра ENOUGH Collagen сухая 13 светло-бежевый,Товар,,,да,,"101771468_117611,100856589_430012",0,,
118161952_027665874,118161952,Тушь для ресниц Loreal Paris Volume Million Lashes Panorama для объема черный,Товар,,,да,,,0,,
101675749_255709735,101675749,Weleda Srtetch Mark Oil масло 100 мл,Товар,4001638500777,4001638500777,да,,,0,,
112345395_428841316,112345395,Пудра Ponds Perfect Radiance BB рассыпчатая 01 светло-бежевый,Товар,8851932301572,8851932301572,да,,"137179904_418521764,140637887_358042850",0,,
100043720_931871,100043720,Пудра RELOUIS Порошкообразная рассыпчатая рассыпчатая №105 светло-бежевый светло-бежевый,Товар,4810438030786,4810438030786,да,,,0,,
105035796_15142052,105035796,Dr.Ceuracle сыворотка Vita K Liposome Oil Ampoule для лица 50 мл,Товар,,,да,,105035303_15142052,0,,
100830983_886684427,100830983,Vivienne Sabo Le Grand Volume карандаш 02,Товар,3700971333721,3700971333721,да,,,0,,
146846772_454903840,146846772,Dr. Althea сыворотка Dr. Althea Aqua Marine jelly mist для лица 100 мл,Товар,8809447256184,8809447256184,да,,,0,,
109450705_627710,109450705,Набор кистей для макияжа натуральный ворс Korkem Glow 15 шт,Товар,,,да,,"108761598_413050,108806409_935919462,110035018_324990968,114755093_455815298,115306392_195857874,115589012_448667873",0,,
138382655_269510369,138382655,Dr. Althea Pore Refresh Grinding бальзам 50 мл,Товар,8809447255620,8809447255620,да,,,0,,
103556961_439377241,103556961,KIKO Sculpting Touch карандаш для контуринга 201,Товар,8059385014821,8059385014821,да,,,0,,
134501028_698847585,134501028,Round Lab крем Camellia deep collagen firming cream для лица 50 мл,Товар,8809962541840,8809962541840,да,,,0,,
17700788_525470439,17700788,"LA ROCHE-POSAY HYALU B5 Концентрированная сыворотка против морщин, 30 мл",Товар,,,да,,,0,,
100378688_454726,100378688,Farmstay пилинг Escargot Noblesse Intensive 180 мл,Товар,8809469770040,8809469770040,да,,,0,,"115880225_115163,115880130_468032"
110214182_339323740,110214182,Celimax мист Noni Energy 50 мл,Товар,8809954940477,8809954940477,да,,,0,,
103027835_15142052,103027835,Farmstay Visible Difference Snail крем для тела 70 г,Товар,,,нет,17601542_15142052,,0,,
104868246_15142052,104868246,Skin1004 Madagascar Centella Ampoule пенка 125 мл,Товар,8809576261127,8809576261127,да,,,0,,"109089122_15142052,117558731_788734002"
120081513_836973778,120081513,IKT Wax Stick воск средняя фиксация 75 г,Товар,,,да,,,0,,
114464033_923521703,114464033,Dr. Althea Green Relief Amino гель-пенка 100 мл,Товар,8809447254708,8809447254708,да,,,0,,
122386583_918291963,122386583,The Act обёртывание антицеллюлитное горячее для тела 250 г,Товар,4678597499376,4678597499376,да,,,0,,
115170342_358742468,115170342,Unleashia Satin Wear Healthy-Green кушон 18C Seashell 15 мл,Товар,,,да,,,0,,
105106375_692417,105106375,The History of Whoo Radiant Gift set набор по уходу за лицом для женщин,Товар,,,да,,,0,,
100471346_682322,100471346,Deoproce Fresh Pore Deep гидрофильное масло 200 мл,Товар,,,да,,,0,,
100435177_283414619,100435177,VICHY DERCOS Energy+ Шампунь против выпадения волос 400 мл,Товар,,,да,,,0,,
106315834_267180,106315834,"Тушь для ресниц Loreal Paris Lash Paradise для объема, удлиняющая черный",Товар,,,да,,,0,,
118004690_475063642,118004690,Torriden крем DIVE IN Low Molecular Hyaluronic Acid Soothing Cream для лица 100 мл,Товар,8809784600183,8809784600183,да,,,0,,
142433726_839011762,142433726,The Act The act тонизирующий крем Гель для тела крем-гель для тела 300 г,Товар,4678597699806,4678597699806,нет,118638258_436320026,,0,,
100385216_15142052,100385216,Farmstay тонер Green Tea Seed Premium Moisture 350 мл,Товар,,,да,,,0,,
136275595_865956860,136275595,Tashe Relax Mind с дозатором шампунь 1000 мл,Товар,4812413004386,4812413004386,да,,117416303_107069591,0,,
100306796_775544,100306796,Патчи Farmstay гидрогелевые Collagen разглаживающие 60 шт,Товар,,,да,,101830423_668796,0,,
101620135_639726397,101620135,ART SOFFIO тени прессованные MASTERS 27 Tango on sea танго на море,Товар,,,да,,,0,,
128050446_672119126,128050446,The Act скраб Набор Кокос &#43; Шоколад для тела 2 шт по 300 г,Товар,4678597699288,4678597699288,да,,,0,,
100309042_525999,100309042,Маска для лица TOO COOL FOR SCHOOL крем Pumpkin Sleeping 30 мл,Товар,,,да,,,0,,
119236969_839682809,119236969,Маска для лица Biodance гидрогелевая Hydro Cera-Nol Real Deep 1 шт,Товар,,,да,,,0,,
117411541_769597618,117411541,MIXIT скраб Coconut Salt для тела 300 мл,Товар,4630194642890,4630194642890,да,,111462231_232810504,0,,
100552155_15142052,100552155,ENOUGH 8 Peptide Full Cover Perfect SPF50 тональный крем 13 100 мл,Товар,,,да,,,0,,
17500165_15142052,17500165,MISSHA Perfect Cover BB крем 13 50 мл,Товар,8809530034330,8809530034330,да,,,0,,
104068077_602016,104068077,Isntree солнцезащитный стик Hyaluronic Acid Airy Sun Stick SPF50+ PA++++ для лица 22 мл,Товар,,,да,,,0,,
156665076_256110975,156665076,B.LAB Perfect Balance Matcha Hydrating Foam Cleanser пенка 120 мл,Товар,,,да,,,0,,
116840802_191970522,116840802,LAGOM крем Cellus Sun Gel Plus SPF 50+ PA+++ для лица 40 мл,Товар,8809450981660,8809450981660,да,,104704919_15142052,0,,110227980_542094
101214636_15142052,101214636,"Etude House крем Soon Jung 2x Barrier Intensive для лица, для зоны декольте 60 мл",Товар,,,да,,,0,,115250020_625562029
114200272_673816879,114200272,Индекс натуральности блеск объём и восстановление шампунь 800 мл,Товар,,,да,,,0,,
17700767_164096,17700767,Dr. Jart тонер Ceramidin Skin Barrier Serum Toner 150 мл,Товар,,,да,,,0,,
103287184_492390,103287184,Sulwhasoo Gentle гидрофильное масло 50 мл,Товар,8809803585118,8809803585118,да,,,0,,"105604165_420100608,107384316_174597130,115815245_214366155"
100542336_312990596,100542336,Loreal Paris Matte Signature подводка черный 01 Графитовый,Товар,,,да,,,0,,
130381366_249632192,130381366,The Act спрей солевой текстурирующий для волос 150 мл,Товар,4678597699479,4678597699479,да,,,0,,
102536400_892711843,102536400,La Sultane de Saba Amber Vanilla Patchouli лосьон для тела 200 мл,Товар,3700448601230,3700448601230,да,,,0,,
101316522_15142052,101316522,Farmstay Aloe All-In-One Ampoule сыворотка 250 мл,Товар,,,да,,,0,,
117560709_866497628,117560709,The Act скраб-соль Баня и сауна Лес с маслами для тела 500 г,Товар,4678597499147,4678597499147,да,,,0,,
120108549_687608824,120108549,Vivienne Sabo Le Grand Volume Extra Plumping блеск для губ 01 Chablis,Товар,,,да,,,0,,
120333050_980320042,120333050,BIDALLI тонер Vegan Hyaluronic Essential toner 50 мл,Товар,,,да,,,0,,
118408315_181265525,118408315,Vivienne Sabo Le Grand Volume Extra Plumping блеск для губ 03 Champagne rosé,Товар,,,да,,,0,,
118109026_360993594,118109026,Vivienne Sabo Le Grand Volume Extra Plumping блеск для губ 02 Mirabelle,Товар,3666670814001,3666670814001,да,,,0,,
38500398_136114,38500398,Vivienne Sabo Charbon Waterproof подводка черный,Товар,3700971312429,3700971312429,да,,,0,,
114605045_650725784,114605045,Celimax пилинг One Step Mild Cleansing 230 мл,Товар,,,да,,,0,,
100132159_468480,100132159,Vivienne Sabo Feutre Fin waterproof подводка черный 802,Товар,3700971328505,3700971328505,да,,,0,,
107470476_329652424,107470476,Loreal Paris Infaillible 32H Fresh Wear SPF25 тональный крем 130 30 мл,Товар,3600523614660,3600523614660,да,,,0,,
112266511_300071207,112266511,Dr. Althea сыворотка 15% Niacinamide Purity Serum для лица 30 мл,Товар,8809447254609,8809447254609,да,,,0,,
100556572_076004234,100556572,Maybelline New York Super Stay Matte ink жидкая помада 180,Товар,,,да,,,0,,
104326364_149406831,104326364,Hyggee крем Vegan SPF50 для лица 50 мл,Товар,,,да,,,0,,
101288569_15142052,101288569,Black Rice Cover SPF36 BB крем 21 50 мл,Товар,,,да,,,0,,
105573568_722166464,105573568,RICHE Rice + Matcha энзимная пудра 65 г,Товар,4603806379156,4603806379156,да,,,0,,
100554933_266596,100554933,Loreal Paris Alliance Perfect Новая формула тональный крем 1N 30 мл,Товар,3600523826629,3600523826629,да,,119488591_792073019,0,,
100705466_339877,100705466,Vivienne Sabo карандаш Brow Arcade 03 темно-коричневый,Товар,3700971335961,3700971335961,да,,,0,,
100156024_653959,100156024,Vivienne Sabo Charbon подводка черный,Товар,3700971302048,3700971302048,да,,,0,,
114353905_642659,114353905,Anua крем Heartleaf 70% Intense Calming для лица 50 мл,Товар,,,да,,,0,,"115794723_243922462,115751741_753937"
100385104_15142052,100385104,Farmstay крем Collagen Water Full Moist Cream для лица 100 мл,Товар,8802221001338,8802221001338,да,,,0,,
106368879_526292,106368879,Vivienne Sabo Le Grand Volume блеск для губ 08 Бежево-розовый,Товар,3700971333929,3700971333929,да,,,0,,
108964227_332317698,108964227,Shik тени прессованные Single Eyeshadow Vega,Товар,4650375900519,4650375900519,да,,,0,,
118638256_906114195,118638256,The Act шампунь бессульфатный Detox для волос 280 мл,Товар,4678597499482,4678597499482,да,,,0,,
104060306_991032,104060306,Round Lab сыворотка Birch Juice Moisturizing для лица 50 мл,Товар,,,да,,,0,,117556608_226125555
100676372_15142052,100676372,LAGOM крем Cellus Mild Moisture для лица 80 мл,Товар,8809450980038,8809450980038,да,,130989427_431186123,0,,
131516884_649425043,131516884,Anua Heartleaf Succinic Acid пенка 150 мл,Товар,8809640733659,8809640733659,да,,,0,,
131470548_526138765,131470548,The Act сыворотка Firming с пептидами для лица 50 мл,Товар,4678597499130,4678597499130,да,,,0,,
111613934_548650282,111613934,MEDI-PEEL крем Peptide 9 Shrink Lif-Tox для области вокруг глаз 20 мл,Товар,8809409340319,8809409340319,да,,,0,,
104846340_15142052,100378455,Farmstay Collagen Water Full 2 in 1 шампунь 530 мл,Товар,,,да,,,0,,
131918105_848723538,131918105,Farmstay крем Collagen Water Full Moist Rolling Eye Serum для области вокруг глаз 25 мл,Товар,8809480772504,8809480772504,да,,,0,,
116352344_549700914,116352344,Beauty Proff набор кистей для макияжа Baby Pink Set 6 шт,Товар,4839313363788,4839313363788,да,,,0,,
21900179_252815102,21900179,"LA ROCHE-POSAY TOLERIANE Успокаивающий тоник для чувствительной кожи лица и глаз, 200 мл",Товар,3337872410321,3337872410321,да,,,0,,
117503489_743066168,117503489,Tashe Liquid Silk масло 100 мл,Товар,4812413005734,4812413005734,да,,"149780541_767492050,151080508_809726478,153379723_635589525",0,,
101844963_15142052,101844963,MANYO сыворотка Bifida Biome Complex Ampoule для лица 50 мл,Товар,8809657114687,8809657114687,да,,,0,,115677254_834731
110342464_977207,110342464,Dr. Jart крем Ceramidin Skin Barrier Moisturizing для лица 50 мл,Товар,,,да,,,0,,
113683008_508165435,113683008,Tashe Home Scalp Care пилинг для кожи головы 100 мл,Товар,4812413001323,4812413001323,да,,"153379641_594844173,151135664_820199433,114520268_362343015",0,,"114344109_168968830,117337754_020231243"
100120174_075772634,100120174,LUXVISAGE Matt Ink Waterproof,Товар,4811329030946,4811329030946,да,,,0,,
118535927_686497943,118535927,MEDI-PEEL крем Peptide 9 Vitanol Pro для лица 50 мл,Товар,8809941822236,8809941822236,да,,132143635_943053155,0,,
120965295_889208992,120965295,The Act пенка для укладки объём и фиксация для волос 150 мл,Товар,4678597499253,4678597499253,да,,,0,,
113875385_636673032,113875385,Alix Avien No Gas фиксатор макияжа для лица 150 мл,Товар,8682538203355,8682538203355,да,,,0,,
128150629_752018607,128150629,The Act набор уходовой косметики для лица 175 мл,Товар,4678597499222,4678597499222,да,,,0,,
118120712_549068112,118120712,LUXVISAGE Soft kajal super stay карандаш-кайал черный BLACK,Товар,4811329046909,4811329046909,да,,,0,,
145162481_880762405,145162481,Celimax PORE+DARK SPOT BRIGHTENING KIT набор по уходу за лицом унисекс,Товар,8800296551789,8800296551789,да,,,0,,
120965430_374715728,120965430,The Act крем-корректор для проблемной кожи 15 мл,Товар,4678597499031,4678597499031,да,,,0,,
128050469_691303197,128050469,The Act скраб-соль Баня и сауна для тела набор 2 шт,Товар,4678597699752,4678597699752,да,,,0,,
130381306_022361670,130381306,The Act крем увлажняющий питательный для тела 150 мл,Товар,4678597699455,4678597699455,да,,,0,,
116878602_208212180,116878602,Skin1004 Двухэтапное Очищение набор по уходу за лицом для женщин,Товар,8809913830641,8809913830641,да,,,0,,"117040104_545098848,117524726_515345253,117524736_846606362,131118366_083460218,117524727_243310155"
109846330_279467600,109846330,MEDI-PEEL стик Peptide 9 Bio Sun Stick SPF50+PA+++ для лица 20 мл,Товар,8809941820393,8809941820393,да,,,0,,
150079984_351114294,150079984,Sen Sulu blush cream румяна 01 Petal Glow,Товар,,,да,,,0,,
117191408_731487133,117191408,Round Lab Pine Calming Cica Body Wash гель 400 мл,Товар,8809849802408,8809849802408,да,,,0,,
122426027_848418965,122426027,The Act гель прозрачный фиксирующий для бровей 6 мл,Товар,4678597499352,4678597499352,да,,,0,,
128050463_733452991,128050463,The Act набор для восстановления сухих и повреждённых волос 560 мл,Товар,4678597499208,4678597499208,да,,,0,,
120906072_061751099,120906072,The Act лосьон-молочко для тела 460 мл,Товар,4678597699967,4678597699967,да,,,0,,
120965320_830110181,120965320,The Act маска глиняная очищающая для лица 65 мл,Товар,4678597499291,4678597499291,да,,,0,,
100200161_679468553,100200161,Milani Cosmetics Silky Matte бронзер 02 Sun Kissed,Товар,717489328029,717489328029,да,,,0,,
106547441_745660,106547441,Vivienne Sabo Le Grand Volume блеск для губ 15 Бежево-бордовый,Товар,3700971364510,3700971364510,да,,,0,,
115794809_624201486,115794809,Romand Glasting Color Gloss блеск для губ 06 Deepen Moor,Товар,8809625248840,8809625248840,да,,,0,,
122014630_903376247,122014630,The Act набор антицеллюлитный крем-гель и маска-обёртывание для тела 2 шт по 250 г,Товар,4678597499024,4678597499024,да,,,0,,
115677755_293336968,115677755,The Act маска-кондиционер Everyday для волос 200 мл,Товар,4678597499468,4678597499468,да,,,0,,
100556140_314032096,100556140,Loreal Paris Infaillible More Than консилер 323 бежевый,Товар,,,да,,,0,,
128050445_847276401,128050445,The Act крем-воск от трещин для рук и ног 150 мл,Товар,4678597699608,4678597699608,да,,,0,,
105760419_266482821,105760419,Celimax Derma Nature Fresh Blackhead Jojoba гидрофильное масло 150 мл,Товар,8806050298525,8806050298525,да,,,0,,"142401390_371404835,121088246_952435271"
102827970_661973229,102827970,LUXVISAGE Lip Volumizer Hot Vanilla блеск для губ 304 Caramel,Товар,4811329036481,4811329036481,да,,,0,,
121481894_255121587,121481894,Skin1004 ампульная сыворотка Madagascar Centella Poremizing Fresh для лица 50 мл,Товар,8809913830115,8809913830115,да,,,0,,
114291147_189362219,114291147,Anua Heartleaf Succinic Moisture пенка 150 мл,Товар,,,да,,,0,,"117960443_853152517,115751741_753937"
101350735_554272,101350735,CELLIO Подводка для глаз Miracle Waterproof Pen Liner,Товар,8809270473383,8809270473383,да,,,0,,
106168591_172949912,106168591,Ollin Professional Perfect Hair 15 в 1 флюид 250 мл,Товар,4660077773304,4660077773304,да,,,0,,
108359816_652758997,108359816,Ollin Professional Perfect Hair 15 in 1 крем-спрей 100 мл,Товар,4660077774493,4660077774493,да,,,0,,
102328264_199322,102328264,Cos De BAHA сыворотка Vitamin C 15% Ascorbic Acid для лица 30 мл,Товар,8809240318119,8809240318119,да,,,0,,
108098827_177098493,108098827,Celimax тонер Dual Barrier 150 мл,Товар,8809606850475,8809606850475,да,,153999547_943294097,0,,"131118389_552853494,121936672_292631276"
104187097_020874203,104187097,Loreva Букет 55 мл,Товар,,,да,,,0,,
100704551_742982,100704551,Catrice Liquid Camouflage Water proof консилер №05 Natural Light,Товар,,,да,,,0,,
113683041_928138643,113683041,Tashe Филлер липидная маска для волос 300 мл,Товар,4812413003815,4812413003815,да,,113124743_728054984,0,,
103029477_218982,103029477,ART SOFFIO Koloris Classic карандаш белый 02 White,Товар,2100000000098,2100000000098,да,,,0,,
150080177_516747368,150080177,Sen Sulu blush cream румяна 02 sunrise glow,Товар,,,да,,,0,,152998349_050379583
119641086_394727236,119641086,"Тушь для ресниц Herra Black Mascara для объема, удлиняющая, подкручивающая черный",Товар,8809361720532,8809361720532,да,,152533503_847285658,0,,
108180902_190318,108180902,MEDI-PEEL Peptide 9 набор по уходу за лицом для женщин,Товар,,,да,,,0,,
106727498_564689357,106727498,Loreal Paris Alliance Perfect Новая формула тональный крем 1.5N 30 мл,Товар,3600522838876,3600522838876,да,,,0,,
132936665_859608844,132936665,Sen Sulu The Yeon Cover Fit SPF36 BB крем 01 Light Beige 50 мл,Товар,8809398633782,8809398633782,да,,,0,,152998349_050379583
128087567_683823583,128087567,The Act сыворотка для ресниц и бровей рост и объем 6 мл,Товар,4678597699738,4678597699738,да,,,0,,
100275917_664364972,100275917,Huxley Secret of Sahara Deep Clean гидрофильное масло 200 мл,Товар,8809422539509,8809422539509,да,,,0,,
104839895_343387717,104839895,"Skin1004 ампульная сыворотка Madagascar Centella Hyalu-Cica First для лица, для зоны декольте 100 мл",Товар,8809576261486,8809576261486,да,,,0,,
108285146_15142052,108285146,MEDI-PEEL крем Bio-Intense Glutathione SPF50 для лица 50 мл,Товар,,,да,,,0,,
17501069_960595256,17501069,Dr. Jart Nourishing Black Label SPF25 BB крем универсальный 40 мл,Товар,,,да,,,0,,
115753359_858681,115753359,The Act пудра энзимная для умывания лица 80 г,Товар,4678597499338,4678597499338,да,,,0,,
104887958_470115074,121227888,Celimax сыворотка The Real Noni Energy Ampoule для лица 30 мл,Товар,8809875907795,8809875907795,да,,129078786_389147237,0,,
116562932_806764115,116562932,"MEDI-PEEL сыворотка Glutathione Hyal Aqua Sun SPF 50+ для лица, для зоны декольте 50 мл",Товар,,,да,,,0,,
100079017_193351040,100079017,Ollin Professional Bionika Реконструктор флюид 100 мл,Товар,4627115397229,4627115397229,да,,,0,,
17501003_15142052,17501003,ENOUGH Collagen Moisture Foundation SPF15 тональный крем 13 100 мл,Товар,8809280062362,8809280062362,да,,,0,,
107649314_838961935,107649314,Skin1004 крем Madagascar Centella Poremizin Light Gel Cream для лица 75 мл,Товар,8809576261646,8809576261646,да,,,0,,117243693_345581291
115170321_230104974,115170321,Unleashia Dont Touch Glass Pink кушон 21N 15 г,Товар,,,да,,,0,,
113096048_815807602,113096048,Celimax крем Heart Pink Tone Up Sun SPF50 для лица 40 мл,Товар,,,да,,139155623_388534452,0,,
110498894_194762420,110498894,Lactofit slim порошок 2 мл,Товар,,,да,,,0,,
124551925_912913215,124551925,Celimax сыворотка The VitaA Retinol Shot Tightening Serum Лифтинг Сыворотка с Ретинолом 30ml для лица 30 мл,Товар,8809700320805,8809700320805,да,,,0,,139184723_666001614
114346232_581789,114346232,O HUI эмульсия Miracle Aqua для лица 130 мл,Товар,,,нет,112237393_425042,,0,,
104693947_226311449,104693947,Shik Perfect консилер 0.5,Товар,4631161519917,4631161519917,да,,,0,,
100703687_15142052,100703687,"The Ordinary сыворотка Niacinamide 10%+Zinc 1% для лица, для зоны декольте 30 мл",Товар,769915196474,769915196474,да,,,0,,117102232_058847239
104693940_176467501,104693940,Shik Perfect консилер 1,Товар,,,да,,,0,,
131455723_453746116,131455723,The Act гель для душа парфюмированный увлажняющий 460 мл,Товар,4678597499086,4678597499086,да,,,0,,
105491427_950181,105491427,Bourjois Healthy Mix Anti-Fatigue тональный крем 51W Light Vanilla 30 мл,Товар,,,да,,,0,,
105084047_240389248,105084047,La Roche-Posay Effaclar H Iso-Biome крем-гель 200 мл,Товар,3337875777759,3337875777759,да,,,0,,
143144638_255728403,143144638,The Act Крем для рук ламеллярный увлажняющий Virgin крем для рук 65 мл,Товар,4630420060108,4630420060108,да,,,0,,
112835971_867271222,112835971,Патчи VOIS гидрогелевые Avocado омолаживающие 80 шт,Товар,,,да,,,0,,
100512013_575430,100512013,Пудра ENOUGH Collagen Whitening Moisture Two Way Cake SPF30 кремовая 13 светло-бежевый,Товар,,,да,,,0,,
100363974_169773,100363974,Makeup Revolution Highlight Reloaded хайлайтер Dare to Divulge,Товар,5057566085878,5057566085878,да,,,0,,
100043774_540227,100043774,RELOUIS Nude Matte жидкая помада 18,Товар,,,да,,,0,,
103126740_15142052,103126740,CELLIO крем Cheongchun Hyaluronic Acid для лица 70 мл,Товар,8809674291002,8809674291002,да,,108926434_177145123,0,,
113572664_572963685,113572664,Bielita-Вiтекс Pink Passion крем для тела 190 мл,Товар,4813406012104,4813406012104,да,,129404956_181763649,0,,"121761881_473130563,122434668_679154651,122564762_175568691,117773681_567082235,132878976_025444423,122243140_331008490"
113160415_982899974,113160415,CLIO Kill Cover Mesh кушон 02 Lingerie 15 г,Товар,,,да,,,0,,
108389249_701418087,108389249,Celimax крем Dual Barrier Skin Wearable Cream для лица 50 мл,Товар,8809606850505,8809606850505,да,,,0,,"131118389_552853494,121936672_292631276"
105565676_722150,105565676,RELOUIS Nude Matte жидкая помада 22,Товар,4810438026543,4810438026543,да,,,0,,
100556131_571164490,100556131,Loreal Paris Infaillible More Than консилер 322 слоновая кость,Товар,,,да,,,0,,
146405358_849934491,146405358,Celimax Dual Barrier Purifying Cleansing гидрофильный щербет 50 мл,Товар,8809606852400,8809606852400,да,,,0,,
114500076_819499148,114500076,Tashe Peeling Еffect шампунь 300 мл,Товар,4812413003136,4812413003136,да,,,0,,117337754_020231243
104530831_902424113,104530831,Dr. Althea эссенция Skin Relief Essence 30 мл,Товар,8809447253473,8809447253473,да,,,0,,
103473604_260178,103473604,ART SOFFIO Studio Make-Up карандаш белый 146 матово-белый,Товар,,,да,,,0,,
101603030_437081237,101603030,ART SOFFIO Matte Lips карандаш 0332 Шоколадная Мокка,Товар,,,да,,,0,,
101772510_102122,101772510,Compliment Pore Deep Cleansing гидрофильное масло 150 мл,Товар,,,да,,,0,,
100476954_15142052,100476954,MEDI-PEEL эссенция Peptide 9 Volume White Cica Essence 100 мл,Товар,,,да,,103379453_15142052,0,,
100375768_15142052,100375768,MEDI-PEEL крем Cell Tox Dermajou для лица 50 мл,Товар,,,да,,,0,,
109171119_249388,109171119,Dr. Jart крем Ceramidin Ectoin-Infused для лица 50 мл,Товар,,,да,,,0,,
100823064_15142052,100823064,MEDI-PEEL крем Power Aqua H8 Hyaluronic Acid для лица 50 г,Товар,8809409346656,8809409346656,да,,100479219_15142052,0,,
101102218_824521,101102218,Deoproce Total Energy гидрофильное масло 200 мл,Товар,,,да,,,0,,
102804411_861224,102804411,WOKALI скраб Strawberry для тела 350 мл,Товар,,,да,,,0,,
121603581_223200657,121603581,Anua тонер Rice 70 Glow Milky Toner 250 мл,Товар,8809640735455,8809640735455,да,,,0,,
104403423_812760,104403423,The Act Твердое масло для тела кокосовое масло-баттер для тела 170 г,Товар,4678599767473,4678599767473,да,,,0,,
101984876_982738,101984876,"Кремовые румяна 3в1: для лица, век и губ Shik Perfect Liquid Blush 01",Товар,,,да,,102258964_755293097,0,,116237542_787254257
110401085_991075239,110401085,Биоритм Sexy Sweet Wild Berry гель 430 мл,Товар,,,да,,,0,,
110977229_966205,110977229,Cos De BAHA сыворотка SS Salicylic Acid Bha 2% serum для лица 30 мл,Товар,,,да,,,0,,
115764332_660089486,115764332,Биоритм Sexy Sweet Watermelon Melon гель 430 мл,Товар,,,да,,,0,,
104733416_369855,104733416,Vivienne Sabo Cabaret Premier подводка черный 01 black,Товар,3700971327546,3700971327546,да,,,0,,
100968260_862383509,100968260,Vivienne Sabo Le Grand Volume карандаш 01,Товар,3700971333714,3700971333714,да,,,0,,
110648673_650805410,110648673,Beauty Creations тени прессованные Nude X Eyeshadow Palette,Товар,4897045417322,4897045417322,да,,,0,,
101821288_460678,101821288,Vivienne Sabo Le Grand Volume блеск для губ 05 Коралловый,Товар,3700971333899,3700971333899,да,,,0,,
143194084_944414780,143194084,The Act тоник Кислотный отшелушивающий тоник для лица 200 мл,Товар,4630420060238,4630420060238,да,,,0,,
100830984_197891580,100830984,Vivienne Sabo Le Grand Volume карандаш 03,Товар,3700971333738,3700971333738,да,,,0,,
109253129_765044237,109253129,COSRX All About Snail Kit 4 step набор по уходу за лицом для женщин,Товар,,,да,,,0,,
102556869_663284,102556869,"Скульптурирующее средство для лица Shik Perfect Liquid Contour 02, 10 гр",Товар,4631159949276,4631159949276,да,,,0,,
102258965_942274,102258965,"Кремовые румяна 3в1: для лица, век и губ Shik Perfect Liquid Blush 02",Товар,,,да,,,0,,
100369872_367856,100369872,Catrice Liquid Camouflage High Coverage консилер 010 Porcellain,Товар,,,да,,,0,,
109307722_421742289,109307722,Биоритм Sexy Sweet Juicy Mango гель 430 мл,Товар,4607013977839,4607013977839,да,,,0,,
100369897_303444026,100369897,Makeup Revolution ULTRA SCULPT & CONTOUR KIT набор для контуринга Ultra Fair C01,Товар,,,да,,,0,,
109724909_707513,109724909,"Dr. Althea сыворотка Vitamin C Boosting Serum для лица, для зоны декольте 30 мл",Товар,8809447255385,8809447255385,да,,,0,,
100998913_15142052,100998913,A'pieu крем-гель Madecassoside Moisture для лица 50 мл,Товар,,,да,,,0,,
100682498_401560470,100682498,ITALWAX Белый шоколад средняя 1000 г,Товар,,,да,,,0,,
102782187_15142052,102782187,Dr.Cellio крем 4 в 1 Taengtaeng Cream Peptide для лица 70 мл,Товар,,,да,,,0,,
100561180_388254,100561180,Topface Instyle тени прессованные Pro Palette 17 KTL,Товар,,,да,,,0,,
121104183_167462698,121104183,Skin1004 сыворотка Madagascar Centella Hyalu-Cica Water-Fit Sun Serum SPF50 для лица 100 мл,Товар,8809913830603,8809913830603,да,,,0,,
103910426_646734,103910426,Farmstay Collagen набор по уходу за лицом унисекс,Товар,,,да,,,0,,
120016116_776657750,120016116,Dr. Althea тонер 2% Salicylic Acid Clear Pads 170 мл,Товар,8809447255293,8809447255293,да,,,0,,
109249274_125869,109249274,Skin1004 крем Madagascar Centella Cream для лица 75 мл,Товар,8809576260441,8809576260441,да,,,0,,"109089122_15142052,117558731_788734002,117040104_545098848,117524726_515345253,117524736_846606362,131118366_083460218,117524727_243310155"
116433376_639655383,116433376,Likato Professional крем Sos control для лица 20 мл,Товар,4603784468828,4603784468828,да,,,0,,
110907075_551457,110907075,Sulwhasoo Perfecting Cushion набор по уходу за лицом для женщин,Товар,,,да,,,0,,
106057233_024440966,106057233,Skin1004 крем Madagascar Centella Tone Brightening SPF50 для лица 50 мл,Товар,,,да,,,0,,"117210041_064571629,113551642_604203726"
114992767_412520293,114992767,Clinique Almost Lipstick помада Pink Honey,Товар,,,да,,,0,,
113584244_942388213,113584244,The Act Deeply Moisturising XX лосьон для тела 460 мл,Товар,4678599767633,4678599767633,да,,,0,,
101970045_15142052,100677739,Deoproce Black Garlic Intensme Energy шампунь 1000 мл,Товар,,,да,,,0,,
24601537_792408,24601537,RELOUIS Nude matte жидкая помада 11,Товар,,,да,,,0,,
142401390_371404835,142401390,Celimax Celimax derma nature набор гидрофильное масло и пенка гидрофильное масло 150 г,Комплект,,,нет,121088246_952435271,,2,105760419_266482821|Celimax Derma Nature Fresh Blackhead Jojoba гидрофильное масло 150 мл|1.0; 108454531_254386607|Celimax Derma Nature Relief Madecica pH Balancing пенка 150 мл|1.0,
124270875_859224921,124270875,EpilProfi крем-воск + терка для пяток 100 мл,Комплект,,,да,,,2,121584766_159182269|EpilProfi Крем-воск EpilProfi от трещин д/очень сухой кожи 100 мл крем для тела 100 мл|1.0; 106162405_335217249|KVARTIRA терка педикюрная Pmz_drv 100/180 1 шт|1.0,
114394683_221834688,114394683,Liv Delano Lost Cherry набор для тела для женщин,Комплект,,,да,,,3,"111561068_715317363|Liv Delano Lost Cherry гель 250 мл|1.0; 111560998_581455292|Liv Delano Lost Cherry крем для тела 250 мл|1.0; 109465689_160240404|Liv Delano Lost Cherry парфюмированный спрей 100 мл, для женщин|1.0",
103642734_259014880,103642734,Farmstay Tropical набор по уходу за лицом для женщин,Комплект,,,да,,,2,100904401_598216832|Farmstay Tropical Fruit Mango &amp; Shea Butter крем для рук 50 мл|1.0; GIFT_MASK|Подарочная маска|2.0,
115873361_127755,115873361,Umai Beauty Queen Gloss Bliss набор по уходу за лицом унисекс,Комплект,,,нет,114689881_559978,,3,112876514_160089|Umai Beauty Queen пенка 150 мл|1.0; 109862485_972804|Umai Beauty крем Bliss Collagen для лица 30 мл|1.0; 108055945_374589|Маска для лица Umai Beauty крем Gloss Mask 150 г|1.0,
109116519_473452028,109116519,Round Lab Dokdo 1025 набор по уходу за лицом унисекс,Комплект,,,да,,,5,"105496785_15142052|Round Lab крем 1025 Dokdo для лица, для зоны декольте 80 мл|1.0; 108620896_15142052|Round Lab 1025 Dokdo молочко для снятия макияжа 200 мл|1.0; 105850453_997011106|Round Lab 1025 Dokdo пенка 150 мл|1.0; 105850393_892344745|Round Lab сыворотка 1025 Dokdо Ampule для лица 45 г|1.0; 141361000_454975913|Round Lab тонер 1025 Dokdo 200 мл|1.0",
102047781_181102,102047781,Маска для лица Farmstay тканевая Snail 10 шт,Комплект,,,да,,,1,100554818_117795|Маска для лица Farmstay тканевая Snail 1 шт|10.0,
113551642_604203726,113551642,Skin1004 Tone Brightening 3 в 1 набор по уходу за лицом для женщин,Комплект,,,да,,,3,104951809_975250|Skin1004 тонер Tone Brightening Boosting Toner 210 мл|1.0; 106500145_15142052|Skin1004 крем Madagascar Centella Tone Brightening Capsule для лица 75 мл|1.0; 106057233_024440966|Skin1004 крем Madagascar Centella Tone Brightening SPF50 для лица 50 мл|1.0,
102047780_202251,102047780,Маска для лица Farmstay тканевая Visible Difference Mask Sheet Collagen 10 шт,Комплект,,,да,,,1,101076161_986171|Маска для лица Farmstay тканевая Collagen 1 шт|10.0,
119351095_569770748,119351095,"Dr. Jart для проблемной кожи, воспалений, против акне набор по уходу за лицом для женщин",Комплект,,,нет,108219156_523612,117120119_767809979,4,100385439_514313|Dr. Jart Ctrl+A Teatreement пенка 120 мл|1.0; 17700908_379737|Dr. Jart тоник Ctrl+A Teatreatment Toner 120 мл|1.0; 100669442_15142052|Dr. Jart крем Ctrl-A Teatreement Moisturizer Hydratant для лица 50 мл|1.0; 100171293_504288165|Dr. Jart сыворотка Ctrl+A Teatreatment Soothing Spot для лица 15 мл|1.0,
131345629_366680155,131345629,The Act Virgin набор для тела унисекс,Комплект,,,да,,,2,117134843_088251627|The Act Virgin молочко для тела 300 мл|1.0; 103627116_430238289|The Act Баттер для тела увлажняющий виноград крем-баттер для тела 180 г|1.0,
117558215_806676528,117558215,Round Lab Dokdo 1025 Ginseng Essence Water набор по уходу за лицом для женщин,Комплект,,,да,,,5,105850453_997011106|Round Lab 1025 Dokdo пенка 150 мл|1.0; 104279739_15142052|Round Lab 1025 Dokdo гидрофильное масло 200 мл|1.0; 101387914_15142052|Beauty of Joseon тонер Ginseng Essence Water 150 мл|1.0; 104067981_387214|AXIS-Y сыворотка Dark Spot Correcting Glow для лица 50 мл|1.0; 104250390_275076407|Dr. Althea крем Rapid Firm Sculpting Cream для лица 45 мл|1.0,
115841551_203520,115841551,Dr.Ceuracle Beauty box для проблемной кожи набор по уходу за лицом для женщин,Комплект,,,да,,,4,108527127_971085|Dr.Ceuracle Vegan Kombucha Tea Beginning Set mini набор по уходу за лицом для женщин|1.0; 107190811_15142052|Dr.Ceuracle Tea Tree Purifine Duo Set набор по уходу за лицом для женщин|1.0; 104602175_375990|Dr.Ceuracle крем Hyal Reyouth Moist SPF50 для лица 50 мл|1.0; GIFT_MASK|Подарочная маска|10.0,
132322757_294030223,132322757,Umai Beauty Queen Gloss Bliss набор по уходу за лицом для женщин,Комплект,,,нет,114689881_559978,,3,112876514_160089|Umai Beauty Queen пенка 150 мл|1.0; 109862485_972804|Umai Beauty крем Bliss Collagen для лица 30 мл|1.0; 108055945_374589|Маска для лица Umai Beauty крем Gloss Mask 150 г|1.0,
109993984_475877,109993984,Round Lab Dokdo 1025 набор по уходу за лицом унисекс,Комплект,,,да,,,3,"105496785_15142052|Round Lab крем 1025 Dokdo для лица, для зоны декольте 80 мл|1.0; 105850393_892344745|Round Lab сыворотка 1025 Dokdо Ampule для лица 45 г|1.0; 105238565_15142052|Round Lab крем 1025 Dokdo SPF50 для лица 50 мл|1.0",
117210045_985906823,117210045,Round Lab Beauty box набор по уходу за лицом для женщин,Комплект,,,да,,,5,"141361000_454975913|Round Lab тонер 1025 Dokdo 200 мл|1.0; 105263927_272540|Round Lab крем Birch Juice Moisturizing SPF50 для лица, для зоны декольте 50 мл|1.0; 100904391_15142052|Dr.Ceuracle Pro Balance Creamy Deep пенка 150 мл|1; 101481415_15142052|Dr.Ceuracle Pro Balance Pure Deep гидрофильное масло 155 мл|1; 130989427_431186123|LAGOM крем Cellus Mild Moisture для лица 80 мл|1",
105120936_987162,105120936,Маска для лица Farmstay тканевая Visible Difference Mask Sheet Collagen 5 шт,Комплект,,,да,,,1,101076161_986171|Маска для лица Farmstay тканевая Collagen 1 шт|5.0,
117040104_545098848,117040104,Skin1004 Madagascar Centella Set набор по уходу за лицом для женщин,Комплект,,,да,,,5,104762771_15142052|Skin1004 тонер Madagascar Centella Toning 210 мл|1.0; 104765457_15142052|Skin1004 ампульная сыворотка Madagascar Centella Ampoule для лица 55 мл|1.0; 109249274_125869|Skin1004 крем Madagascar Centella Cream для лица 75 мл|1.0; 109171316_880570|Skin1004 крем Hyalu-Cica Water-Fit Sun SPF50 для лица 50 мл|1.0; 116878602_208212180|Skin1004 Двухэтапное Очищение набор по уходу за лицом для женщин|1.0,
114689881_559978,114689881,Umai Beauty Queen набор по уходу за лицом для женщин,Комплект,,,да,,"132322757_294030223,115715427_165511,128851325_171378229,115873361_127755,115705932_692011,130700793_572900272,118828627_413735802,116600958_926601361,115413565_603610",3,112876514_160089|Umai Beauty Queen пенка 150 мл|1.0; 109862485_972804|Umai Beauty крем Bliss Collagen для лица 30 мл|1.0; 108055945_374589|Маска для лица Umai Beauty крем Gloss Mask 150 г|1.0,
117210245_592454428,117210245,Tashe Volume Shine Liquid Silk набор по уходу за волосами унисекс,Комплект,,,да,,,2,114499864_428724099|Tashe Volume and Shine шампунь 300 мл|1.0; 149780541_767492050|Tashe Liquid Silk масло 100 мл|1.0,
121088246_952435271,121088246,Celimax Derma Nature набор по уходу за лицом унисекс,Комплект,,,да,,142401390_371404835,2,105760419_266482821|Celimax Derma Nature Fresh Blackhead Jojoba гидрофильное масло 150 мл|1.0; 108454531_254386607|Celimax Derma Nature Relief Madecica pH Balancing пенка 150 мл|1.0,
114344109_168968830,114344109,Tashe Стимуляция роста набор по уходу за волосами для женщин,Комплект,,,да,,,5,114095685_291701642|Tashe Stimulation шампунь 300 мл|1.0; 114097091_538110787|Tashe Activator против выпадения лосьон 100 мл|1.0; 113683008_508165435|Tashe Home Scalp Care пилинг для кожи головы 100 мл|1.0; 114096811_097738397|Tashe маска Serum 500 мл|1.0; 114097230_649308307|Tashe кондиционер Stimulation Увлажняющий кондиционер для волос 300 мл|1,
112345399_862121,112345399,Umai Beauty Gloss набор по уходу за лицом для женщин,Комплект,,,да,,,2,108055945_374589|Маска для лица Umai Beauty крем Gloss Mask 150 г|3.0; 109862485_972804|Umai Beauty крем Bliss Collagen для лица 30 мл|1.0,
117524726_515345253,117524726,Skin1004 Madagascar Centella 6 в 1 набор по уходу за лицом для женщин,Комплект,,,да,,,5,104762771_15142052|Skin1004 тонер Madagascar Centella Toning 210 мл|1.0; 109249274_125869|Skin1004 крем Madagascar Centella Cream для лица 75 мл|1.0; 104765457_15142052|Skin1004 ампульная сыворотка Madagascar Centella Ampoule для лица 55 мл|1.0; 105587876_15142052|Beauty of Joseon крем Relief Sun Rice Probiotics SPF50 для лица 50 мл|1; 116878602_208212180|Skin1004 Двухэтапное Очищение набор по уходу за лицом для женщин|1.0,
115880225_115163,115880225,Farmstay Escargot Noblesse набор по уходу за лицом для женщин,Комплект,,,да,,115880130_468032,3,17601546_15142052|Farmstay Escargot Noblesse Intensive крем 50 мл|1.0; 100378688_454726|Farmstay пилинг Escargot Noblesse Intensive 180 мл|1.0; 17601990_15142052|Farmstay сыворотка Escargot Noblesse Intensive для лица 250 мл|1.0,
131118389_552853494,131118389,Celimax Dual Barrier набор по уходу за лицом для женщин,Комплект,,,да,,,5,"105530095_999491975|Celimax Dual Barrier Mild гель-пенка 200 мл|1.0; 108098827_177098493|Celimax тонер Dual Barrier 150 мл|1.0; 109821021_603580793|Celimax сыворотка Dual Barrier Boosting для лица 30 мл|1.0; 112125985_706495681|Celimax крем Dual Barrier Watery Sun SPF50 для лица, для зоны декольте 40 мл|1.0; 108389249_701418087|Celimax крем Dual Barrier Skin Wearable Cream для лица 50 мл|1.0",
117243691_136326834,117243691,"Dr. Jart Teatreement для проблемной кожи, против воспалений набор по уходу за лицом для женщин",Комплект,,,нет,108219156_523612,,4,100385439_514313|Dr. Jart Ctrl+A Teatreement пенка 120 мл|1.0; 17700908_379737|Dr. Jart тоник Ctrl+A Teatreatment Toner 120 мл|1.0; 100669442_15142052|Dr. Jart крем Ctrl-A Teatreement Moisturizer Hydratant для лица 50 мл|1.0; 100171293_504288165|Dr. Jart сыворотка Ctrl+A Teatreatment Soothing Spot для лица 15 мл|1.0,
115715427_165511,115715427,Umai Beauty Queen Gloss Bliss набор по уходу за лицом для женщин,Комплект,,,нет,114689881_559978,,3,112876514_160089|Umai Beauty Queen пенка 150 мл|1.0; 109862485_972804|Umai Beauty крем Bliss Collagen для лица 30 мл|1.0; 108055945_374589|Маска для лица Umai Beauty крем Gloss Mask 150 г|1.0,
102047614_749075336,102047614,Маска для лица EKEL тканевая Ultra Hydrating Essence Mask Aloe 10 шт,Комплект,,,да,,,1,100012922_802896927|Маска для лица EKEL тканевая Aloe Ultra Hydrating 1 шт|10.0,
144168205_605950554,144168205,Vitamin Village Tart Cherry Collagen стик 60 шт,Комплект,,,да,,,1,144391961_341299073|Vitamin Village Tart Cherry Collagen стик 15 шт|4.0,
130805035_091214024,130805035,The Act Восстанавливающий набор по уходу за волосами унисекс,Комплект,,,да,,,2,103993718_920302422|The Act экспресс-восстановления волос масло 50 мл|1.0; 116111673_357153708|The Act крем-спрей несмываемый термозащита 17 в 1 для волос 200 мл|1.0,
108057645_860690212,108057645,"Sulwhasoo Foam, Mask, KoreanLuxe набор по уходу за лицом унисекс",Комплект,,,да,,,3,103884760_15142052|Sulwhasoo Gentle Cleansing пенка 50 мл|1.0; 106641513_957630765|Маска для лица Sulwhasoo ночная Overnight Vitalizing 35 мл|1.0; GIFT_MASK|Подарочная маска|1.0,
130805038_805158954,130805038,The Act Beauty box набор для тела унисекс,Комплект,,,да,,,2,104104022_385389|The Act скраб антицеллюлитный кокосовый для тела 300 г|1.0; 103534675_110557463|The Act Манго крем-баттер для тела 180 мл|1.0,
113128303_702678394,113128303,Round Lab 1025 Dokdo пенка 2 шт по 150 мл,Комплект,,,да,,,1,105850453_997011106|Round Lab 1025 Dokdo пенка 150 мл|2.0,
118327229_357165398,118327229,EpilProfi крем-воск от трещин набор уходовой косметики унисекс,Комплект,,,да,,,1,121584766_159182269|EpilProfi Крем-воск EpilProfi от трещин д/очень сухой кожи 100 мл крем для тела 100 мл|2.0,
138247205_140118124,138247205,BIDALLI VEGAN GLOW SET набор по уходу за лицом унисекс,Комплект,,,да,,,4,135143809_208006904|BIDALLI сыворотка Vegan 10% Mandelic Acid + Arginine для лица 50 мл|1.0; 114817469_236723736|BIDALLI тонер Vegan Centella Asiatica 160 мл|1.0; 115071772_313323093|BIDALLI крем Calming pure для лица 80 мл|1.0; 114817387_524482473|BIDALLI мист All in One Onsen-Sui 100 мл|1.0,
139184723_666001614,139184723,Celimax Retinol Shot набор по уходу за лицом для женщин,Комплект,,,да,,,2,124065174_275312645|Celimax крем Celimax THE -A Retinal Shot Tightening Booster 15ml для лица 15 мл|1.0; 124551925_912913215|Celimax сыворотка The VitaA Retinol Shot Tightening Serum Лифтинг Сыворотка с Ретинолом 30ml для лица 30 мл|1.0,
115677254_834731,115677254,MANYO Bifida Biome Complex набор по уходу за лицом для женщин,Комплект,,,да,,,2,101844963_15142052|MANYO сыворотка Bifida Biome Complex Ampoule для лица 50 мл|1.0; 105587876_15142052|Beauty of Joseon крем Relief Sun Rice Probiotics SPF50 для лица 50 мл|1.0,
115064234_405847,115064234,The Act Beauty box набор для тела для женщин,Комплект,,,да,,,2,"104104028_681821|The Act скраб Грейпфрут для ног, для тела 300 г|1.0; 104104030_676103|The Act скраб антицеллюлитный с тмином для тела 300 г|1.0",
117620886_708137070,117620886,Round Lab Dokdo набор по уходу за лицом для женщин,Комплект,,,да,,,5,"105850453_997011106|Round Lab 1025 Dokdo пенка 150 мл|1.0; 141361000_454975913|Round Lab тонер 1025 Dokdo 200 мл|1.0; 105496785_15142052|Round Lab крем 1025 Dokdo для лица, для зоны декольте 80 мл|1.0; 105238565_15142052|Round Lab крем 1025 Dokdo SPF50 для лица 50 мл|1; 104279739_15142052|Round Lab 1025 Dokdo гидрофильное масло 200 мл|1",
113345413_495226,113345413,Umai Beauty Gloss набор по уходу за лицом для женщин,Комплект,,,да,,,2,109862485_972804|Umai Beauty крем Bliss Collagen для лица 30 мл|1.0; 108055945_374589|Маска для лица Umai Beauty крем Gloss Mask 150 г|1.0,
148439623_184708380,148439623,Пудра Sen Sulu v1/v2 рассыпчатая V1-V2 прозрачный,Комплект,,,да,,,2,153957270_663935152|Пудра Sen Sulu Пудра Sen Sulu Мини версия V1 рассыпчатая Mini pudra v1 рассыпчатая V1 прозрачный|1.0; 148667790_555416529|Пудра Sen Sulu Мини версия V2 рассыпчатая Mini pudra v2 светло-бежевый|1.0,
117524736_846606362,117524736,Skin1004 Madagascar Centella Beauty Set набор по уходу за лицом для женщин,Комплект,,,да,,,5,104762771_15142052|Skin1004 тонер Madagascar Centella Toning 210 мл|1.0; 109249274_125869|Skin1004 крем Madagascar Centella Cream для лица 75 мл|1.0; 104765457_15142052|Skin1004 ампульная сыворотка Madagascar Centella Ampoule для лица 55 мл|1.0; 116668199_945061141|Skin1004 крем Madagascar Centella Air-Fit Suncream Light SPF30 для лица 50 мл|1; 116878602_208212180|Skin1004 Двухэтапное Очищение набор по уходу за лицом для женщин|1.0,
105604165_420100608,105604165,"Sulwhasoo Cleansing Foam, Oil, KoreanLuxe набор по уходу за лицом унисекс",Комплект,,,да,,,3,103884760_15142052|Sulwhasoo Gentle Cleansing пенка 50 мл|1.0; 103287184_492390|Sulwhasoo Gentle гидрофильное масло 50 мл|1.0; GIFT_MASK|Подарочная маска|1.0,
102047610_718172652,102047610,Маска для лица EKEL тканевая Ultra Hydrating Essence Mask Aronia 10 шт,Комплект,,,да,,,1,102412510_852027416|Маска для лица EKEL тканевая Aronia 1 шт|10.0,
129087331_069017972,129087331,The Act Virgin набор для тела унисекс,Комплект,,,да,,,2,103344133_230528479|The Act скраб антицеллюлитный кофейный шоколад для тела 300 г|1.0; 115753221_804610002|The Act Масло для массажа тела парфюмированное virgin масло для тела 300 мл|1.0,
116878605_824089723,116878605,Round Lab Beauty box набор по уходу за лицом для женщин,Комплект,,,да,,,6,110725320_450868|MEDI-PEEL Peptide 9 Aqua Essence пенка 150 мл|1.0; 100113729_15142052|MEDI-PEEL крем Hyaluronic Volumy Peptide 9 Balance для области вокруг глаз 40 мл|1.0; 108361489_15142052|MANYO ампульная сыворотка Bifida Biome Complex для лица 30 мл|1.0; 100106918_15142052|MEDI-PEEL крем Volume Tox Peptide 9 для лица 50 г|1.0; 104279739_15142052|Round Lab 1025 Dokdo гидрофильное масло 200 мл|1.0; 100382219_15142052|MEDI-PEEL тонер Aqua Essence Peptide 9 250 мл|1.0,
152998349_050379583,152998349,Sen Sulu Полный набор косметики набор декоративной косметики унисекс,Комплект,,,да,,,12,132936665_859608844|Sen Sulu The Yeon Cover Fit SPF36 BB крем 01 Light Beige 50 мл|1.0; 134446747_804951934|Sen Sulu консилер 01 milk beige консилер 01 milk beige|1.0; 121365586_738160558|Sen Sulu тени V1 V1 8 мл|1.0; 142742836_558309348|Sen Sulu Kiss sculpt карандаш 02 espresso glow|1.0; 142747140_502798011|Sen Sulu Lip блеск для губ 02 peach velvet|1.0; 122724454_065786574|Sen Sulu карандаш Classic V2 Темно-коричневый|1.0; 150110725_166257246|Sen Sulu blush stick румяна 04 noir berry|1.0; 115765851_789670051|Sen Sulu спонж капля поролон 1 шт|1.0; 129403630_626368926|Пудра Sen Sulu Минеральная рассыпчатая V1 для светлого тона кожи светлый натуральный|1.0; 128173610_026731437|Sen Sulu пуховка велюр 2 шт|1.0; 150080177_516747368|Sen Sulu blush cream румяна 02 sunrise glow|1.0; 123029190_669041107|Sen Sulu Waterproof Eyeliner подводка черный Black|1.0,
153999547_943294097,153999547,Celimax крем Dual Barrier Creamy Toner для лица 150 мл,Товар,8809606850475,8809606850475,нет,108098827_177098493,,0,,
115231115_410385882,115231115,MEDI-PEEL Collagen набор по уходу за лицом для женщин,Комплект,,,да,,,4,111045099_797955|MEDI-PEEL крем Retinol Collagen Lifting для лица 50 г|1.0; 114719331_572588598|MEDI-PEEL Aesthe Derma Lacto Collagen AHA+BHA пенка 300 мл|1.0; 120468245_300872388|MEDI-PEEL Lacto Collagen гидрофильное масло 200 мл|1.0; 119364126_578293344|MEDI-PEEL сыворотка Red Lacto Peptide Collagen Ampoule для лица 50 мл|1.0,
115705932_692011,115705932,Umai Beauty Queen Gloss Bliss набор по уходу за лицом для женщин,Комплект,,,нет,114689881_559978,,3,112876514_160089|Umai Beauty Queen пенка 150 мл|1.0; 109862485_972804|Umai Beauty крем Bliss Collagen для лица 30 мл|1.0; 108055945_374589|Маска для лица Umai Beauty крем Gloss Mask 150 г|1.0,
116849461_939353949,116849461,Комплект 116849461_939353949,Комплект,,,да,,,3,101724514_428245836|Воск ITALWAX Кокос плотность средняя в картридже 100 мл|1.0; 101724487_586913839|ITALWAX Роза плотная воск 100 мл|1.0; 101742634_277003285|ITALWAX Алое средняя воск 100 мл|1.0,
116768471_008857175,116768471,Комплект 116768471_008857175,Комплект,,,да,,,5,101724518_890202221|Воск ITALWAX Натуральный плотность средняя в картридже 100 мл|1.0; 101724511_551424848|Воск ITALWAX Белый шоколад плотность средняя в картридже 100 мл|1.0; 101724487_586913839|ITALWAX Роза плотная воск 100 мл|1.0; 145161894|Воск пленочный ITALWAX Азулен картридж плотность плотная в картридже 100 г|1.0; 101724514_428245836|Воск ITALWAX Кокос плотность средняя в картридже 100 мл|1.0,
112617459_008063846,112617459,Патчи COSRX точечные Acne Pimple Master противовоспалительные 48 шт,Комплект,,,да,,,1,100368434_186437|Патчи COSRX точечные Acne Pimple Master противовоспалительные 24 шт|2.0,
113399880_345810,113399880,Umai Beauty крем Bliss beauty + collagen для лица 60 мл,Комплект,,,да,,,1,109862485_972804|Umai Beauty крем Bliss Collagen для лица 30 мл|2.0,
117210054_354195343,117210054,A'pieu для проблемной кожи против воспалений набор по уходу за лицом для женщин,Комплект,,,да,,,3,100396850_15142052|A'pieu крем Madecassoside для лица 50 мл|1.0; 103102420_15142052|A'pieu флюид Madecassoside 2X 300 мл|1.0; 100644508_15142052|A'pieu Madecassoside пенка 130 мл|1.0,
115677322_604449,115677322,Anua Birch Ginseng набор по уходу за лицом для женщин,Комплект,,,да,,,3,101387914_15142052|Beauty of Joseon тонер Ginseng Essence Water 150 мл|1.0; 101389471_269646|Beauty of Joseon сыворотка Glow Propolis Niacinamide для лица 30 мл|1.0; GIFT_MASK|Подарочная маска|1.0,
115260869_571140,115260869,"Anua Birch, Heartleaf набор по уходу за лицом для женщин",Комплект,,,да,,,5,113961265_624555|Anua тонер Heartleaf 77% Soothing Toner 250 мл|1.0; 113687548_414024|Anua ампульная сыворотка Heartleaf 80% Soothing для лица 30 мл|1.0; 114393257_126468|Anua тонер Heartleaf 77 Clear Pad 160 мл|1.0; GIFT_MASK|Подарочная маска|2.0; GIFT_MASK|Подарочная маска|1.0,
117446177_502605073,117446177,Anua Heartleaf набор по уходу за лицом для женщин,Комплект,,,да,,,6,"113687548_414024|Anua ампульная сыворотка Heartleaf 80% Soothing для лица 30 мл|1.0; 113961265_624555|Anua тонер Heartleaf 77% Soothing Toner 250 мл|1.0; 114433693_553669|Anua крем Heartleaf 70% Soothing для лица 100 мл|1.0; 114393257_126468|Anua тонер Heartleaf 77 Clear Pad 160 мл|1.0; 114393219_376980|Anua Heartleaf Pore Control Cleansing Oil гидрофильное масло 200 мл|1.0; 107927806|Кварцевый роллер, скребок гуаша кварц|1.0",
117446022_343862582,117446022,Anua Heartleaf набор по уходу за лицом унисекс,Комплект,,,да,,,4,"113961265_624555|Anua тонер Heartleaf 77% Soothing Toner 250 мл|1.0; 113687548_414024|Anua ампульная сыворотка Heartleaf 80% Soothing для лица 30 мл|1.0; 114393219_376980|Anua Heartleaf Pore Control Cleansing Oil гидрофильное масло 200 мл|1.0; 107927806|Кварцевый роллер, скребок гуаша кварц|1.0",
117446123_126314297,117446123,Anua Heartleaf набор по уходу за лицом унисекс,Комплект,,,да,,,2,113961265_624555|Anua тонер Heartleaf 77% Soothing Toner 250 мл|1.0; 114393219_376980|Anua Heartleaf Pore Control Cleansing Oil гидрофильное масло 200 мл|1.0,
117960443_853152517,117960443,Anua Heartleaf набор по уходу за лицом унисекс,Комплект,,,да,,,3,114393219_376980|Anua Heartleaf Pore Control Cleansing Oil гидрофильное масло 200 мл|1.0; 113961265_624555|Anua тонер Heartleaf 77% Soothing Toner 250 мл|1.0; 114291147_189362219|Anua Heartleaf Succinic Moisture пенка 150 мл|1,
118828627_413735802,118828627,Umai Beauty Queen Gloss Bliss набор по уходу за лицом для женщин,Комплект,,,нет,114689881_559978,,3,112876514_160089|Umai Beauty Queen пенка 150 мл|1.0; 109862485_972804|Umai Beauty крем Bliss Collagen для лица 30 мл|1.0; 108055945_374589|Маска для лица Umai Beauty крем Gloss Mask 150 г|1.0,
115794723_243922462,115794723,"Anua Heartleaf, Peach 70 набор по уходу за лицом для женщин",Комплект,,,да,,,4,114353905_642659|Anua крем Heartleaf 70% Intense Calming для лица 50 мл|1.0; 113961265_624555|Anua тонер Heartleaf 77% Soothing Toner 250 мл|1.0; 114423608_326628387|Anua сыворотка Peach 70% Niacin для лица 30 мл|1.0; 114393219_376980|Anua Heartleaf Pore Control Cleansing Oil гидрофильное масло 200 мл|1.0,
115751741_753937,115751741,Anua Keep Things Simple набор по уходу за лицом для женщин,Комплект,,,да,,,5,113961265_624555|Anua тонер Heartleaf 77% Soothing Toner 250 мл|1.0; 113687548_414024|Anua ампульная сыворотка Heartleaf 80% Soothing для лица 30 мл|1.0; 114353905_642659|Anua крем Heartleaf 70% Intense Calming для лица 50 мл|1.0; 114393219_376980|Anua Heartleaf Pore Control Cleansing Oil гидрофильное масло 200 мл|1.0; 114291147_189362219|Anua Heartleaf Succinic Moisture пенка 150 мл|1.0,
131345596_076193921,131345596,The Act Beauty box набор по уходу за лицом унисекс,Комплект,,,да,,,2,103627124_011631111|The Act масло гидрофильное для умывания 110 мл|1.0; 114103234_902841|The Act пенка очищающая для умывания лица 100 мл|1.0,
102781005_859651508,102781005,BABOR Cleansing foam & Rose toner набор по уходу за лицом для женщин,Комплект,,,да,,,2,100208282_828844338|BABOR Deep Cleansing пенка 200 мл|1.0; 17700671_164332880|BABOR эссенция-тоник Cleansing Toning Rose 200 мл|1.0,
102781003_718180629,102781003,BABOR Soothing набор по уходу за лицом для женщин,Комплект,,,да,,,2,17700671_164332880|BABOR эссенция-тоник Cleansing Toning Rose 200 мл|1.0; 100678273_144175246|BABOR пилинг Enzyme Cleanser 40 г|1.0,
115841574_239537,115841574,Beauty of Joseon Комплексный набор по уходу за лицом для женщин,Комплект,,,да,,,6,101387914_15142052|Beauty of Joseon тонер Ginseng Essence Water 150 мл|1.0; 101389471_269646|Beauty of Joseon сыворотка Glow Propolis Niacinamide для лица 30 мл|1.0; 101382403_15142052|Beauty of Joseon крем Dynasty для лица 50 мл|1.0; 106854437_15142052|Beauty of Joseon Ginseng гидрофильное масло 210 мл|1.0; 107206695_15142052|Beauty of Joseon Green Plum Refreshing гель 100 мл|1.0; 105587876_15142052|Beauty of Joseon крем Relief Sun Rice Probiotics SPF50 для лица 50 мл|1,
145590079_078466433,145590079,Dr. Althea 345 Relief набор по уходу за лицом для женщин,Комплект,,,да,,,2,145432945_536192735|Dr. Althea мист 345 Relief Cream Mist Восстанавливающий Мист для Лица 100ml 100 мл|1.0; 115616909_499665737|Dr. Althea крем 345 Relief для лица 50 мл|1.0,
115677341_274498,115677341,Beauty of Joseon Birch Ginseng набор по уходу за лицом для женщин,Комплект,,,да,,,3,101387914_15142052|Beauty of Joseon тонер Ginseng Essence Water 150 мл|1.0; 105587876_15142052|Beauty of Joseon крем Relief Sun Rice Probiotics SPF50 для лица 50 мл|1.0; GIFT_MASK|Подарочная маска|1.0,
119298346_887098308,119298346,BIDALLI Centella Asiatica toner и Hyaluronic Pure Cica Serum набор по уходу за лицом для женщин,Комплект,,,нет,119189847_119788968,,2,114817469_236723736|BIDALLI тонер Vegan Centella Asiatica 160 мл|1.0; 114802007_623646962|BIDALLI сыворотка Vegan Hyaluronic Pure Cica для лица 50 мл|1.0,
122460835_990166654,122460835,BIDALLI Hyaluronic Essential toner и Hyaluronic Pure serum набор по уходу за лицом для женщин,Комплект,,,да,,,2,114817484_907728273|BIDALLI тонер Hyaluronic Essential 160 мл|1.0; 114802007_623646962|BIDALLI сыворотка Vegan Hyaluronic Pure Cica для лица 50 мл|1.0,
119189813_954305787,119189813,BIDALLI Hyaluronic Essential toner и Tone up Pure Vita Serum набор по уходу за лицом для женщин,Комплект,,,да,,,2,114817484_907728273|BIDALLI тонер Hyaluronic Essential 160 мл|1.0; 114802008_939074685|BIDALLI сыворотка Vegan Tone-up Vita для лица 50 мл|1.0,
119189847_119788968,119189847,BIDALLI Hyaluronic serum и Centella Asiatica toner набор по уходу за лицом для женщин,Комплект,,,да,,119298346_887098308,2,114817469_236723736|BIDALLI тонер Vegan Centella Asiatica 160 мл|1.0; 114802007_623646962|BIDALLI сыворотка Vegan Hyaluronic Pure Cica для лица 50 мл|1.0,
121398082_283765240,121398082,Bielita-Вiтекс Pink Passion Магия феромонов набор для тела для женщин,Комплект,,,да,,,2,"113572679_126226312|Bielita-Вiтекс Pink Passion парфюмированный спрей 150 мл, для женщин|1.0; 118910146_411206502|Bielita-Вiтекс Pink Passion гель 300 мл|1.0",
121761881_473130563,121761881,Bielita-Вiтекс Pink Passion Магия феромонов набор для тела для женщин,Комплект,,,да,,,2,118910146_411206502|Bielita-Вiтекс Pink Passion гель 300 мл|1.0; 113572664_572963685|Bielita-Вiтекс Pink Passion крем для тела 190 мл|1.0,
122434668_679154651,122434668,Bielita-Вiтекс Pink Passion Магия феромонов набор для тела для женщин,Комплект,,,да,,,3,113564064_378186190|Bielita-Вiтекс скраб Pink Passion для тела 200 мл|1.0; 117709773_277583401|Bielita-Вiтекс Pink Passion Магия феромонов крем-суфле для тела 200 г|1.0; 113572664_572963685|Bielita-Вiтекс Pink Passion крем для тела 190 мл|1.0,
105118327_972657,105118327,Маска для лица Farmstay тканевая Snail 5 шт,Комплект,,,да,,,1,100554818_117795|Маска для лица Farmstay тканевая Snail 1 шт|5.0,
121104251_437115508,121104251,Bielita-Вiтекс Pink Passion Магия феромонов набор для тела для женщин,Товар,,,да,,,0,,
121711505_310510652,121711505,Bielita-Вiтекс Pink Passion Магия феромонов набор для тела для женщин,Комплект,,,да,,,2,117709773_277583401|Bielita-Вiтекс Pink Passion Магия феромонов крем-суфле для тела 200 г|1.0; 113564064_378186190|Bielita-Вiтекс скраб Pink Passion для тела 200 мл|1.0,
122564762_175568691,122564762,Bielita-Вiтекс Pink Passion Магия феромонов набор для тела для женщин,Комплект,,,да,,,4,"113564064_378186190|Bielita-Вiтекс скраб Pink Passion для тела 200 мл|1.0; 117709773_277583401|Bielita-Вiтекс Pink Passion Магия феромонов крем-суфле для тела 200 г|1.0; 113572664_572963685|Bielita-Вiтекс Pink Passion крем для тела 190 мл|1.0; 113572679_126226312|Bielita-Вiтекс Pink Passion парфюмированный спрей 150 мл, для женщин|1.0",
147201779_952416357,147201779,Heimish Очищающий бальзам для снятия макияжа гидрофильный щербет 50 мл,Товар,8809481760678,8809481760678,нет,100341040_15142052,,0,,
117773681_567082235,117773681,Bielita-Вiтекс Pink Passion набор для тела для женщин,Комплект,,,да,,132878976_025444423,5,"118910146_411206502|Bielita-Вiтекс Pink Passion гель 300 мл|1.0; 113572664_572963685|Bielita-Вiтекс Pink Passion крем для тела 190 мл|1.0; 113572679_126226312|Bielita-Вiтекс Pink Passion парфюмированный спрей 150 мл, для женщин|1.0; 117709773_277583401|Bielita-Вiтекс Pink Passion Магия феромонов крем-суфле для тела 200 г|1.0; 113564064_378186190|Bielita-Вiтекс скраб Pink Passion для тела 200 мл|1.0",
115413565_603610,115413565,Umai Beauty Gloss набор по уходу за лицом для женщин,Комплект,,,нет,114689881_559978,,3,112876514_160089|Umai Beauty Queen пенка 150 мл|1.0; 109862485_972804|Umai Beauty крем Bliss Collagen для лица 30 мл|1.0; 108055945_374589|Маска для лица Umai Beauty крем Gloss Mask 150 г|1.0,
132878976_025444423,132878976,Bielita-Вiтекс Pink Passion набор для тела для женщин,Комплект,,,нет,117773681_567082235,,5,"118910146_411206502|Bielita-Вiтекс Pink Passion гель 300 мл|1.0; 113572664_572963685|Bielita-Вiтекс Pink Passion крем для тела 190 мл|1.0; 113572679_126226312|Bielita-Вiтекс Pink Passion парфюмированный спрей 150 мл, для женщин|1.0; 117709773_277583401|Bielita-Вiтекс Pink Passion Магия феромонов крем-суфле для тела 200 г|1.0; 113564064_378186190|Bielita-Вiтекс скраб Pink Passion для тела 200 мл|1.0",
131656902_296399023,131656902,AXIS-Y Dark Spot Correcting набор по уходу за лицом для женщин,Комплект,,,да,,,2,104067981_387214|AXIS-Y сыворотка Dark Spot Correcting Glow для лица 50 мл|1.0; 122443334_334921270|AXIS-Y сыворотка Vegan Collagen для области вокруг глаз 10 мл|1.0,
117382773_143054845,117382773,"Come inside me bombshell / deep purple / so sweet /pure fressia парфюмерное масло 7 мл, для женщин",Комплект,,,да,,,4,"117051002_835328566|Come inside me Bombshell духи PARFUM 7 мл, унисекс|1.0; 117050988_649516698|Come inside me Pure Freesia духи PARFUM 7 мл, для женщин|1.0; 117199020_894946439|Come inside me Deep Purple парфюмерное масло 7 мл, для женщин|1.0; 117050996_825865498|Come inside me So Sweet духи PARFUM 7 мл, для женщин|1.0",
117250372_009796355,117250372,"Come inside me Bombshell, So sweet, Pure freesia, Gardenia, Deep Purple парфюмерный набор 5 шт по 7 мл, для женщин",Комплект,,,да,,,5,"117051002_835328566|Come inside me Bombshell духи PARFUM 7 мл, унисекс|1.0; 117050988_649516698|Come inside me Pure Freesia духи PARFUM 7 мл, для женщин|1.0; 117199020_894946439|Come inside me Deep Purple парфюмерное масло 7 мл, для женщин|1.0; 117050996_825865498|Come inside me So Sweet духи PARFUM 7 мл, для женщин|1.0; 117050976_842281747|Come inside me Gardenia духи PARFUM 7 мл, для женщин|1.0",
117120929_258990580,117120929,"Come inside me Bombshell/ So sweet парфюмерное масло 7 мл, для женщин",Комплект,,,да,,,2,"117051002_835328566|Come inside me Bombshell духи PARFUM 7 мл, унисекс|1.0; 117050996_825865498|Come inside me So Sweet духи PARFUM 7 мл, для женщин|1.0",
117120989_939171953,117120989,"Come inside me Bombshell/ So sweet/ Pure freesia парфюмерный набор 7 мл, для женщин",Комплект,,,да,,,3,"117051002_835328566|Come inside me Bombshell духи PARFUM 7 мл, унисекс|1.0; 117050996_825865498|Come inside me So Sweet духи PARFUM 7 мл, для женщин|1.0; 117050988_649516698|Come inside me Pure Freesia духи PARFUM 7 мл, для женщин|1.0",
117199007_878384693,117199007,"Come inside me Deep purple / Bombshell сухие духи 7 мл, для женщин",Комплект,,,да,,,2,"117051002_835328566|Come inside me Bombshell духи PARFUM 7 мл, унисекс|1.0; 117199020_894946439|Come inside me Deep Purple парфюмерное масло 7 мл, для женщин|1.0",
117198958_523503720,117198958,"Come inside me Deep purple / Pure Freesia парфюмерное масло 7 мл, для женщин",Комплект,,,да,,,2,"117199020_894946439|Come inside me Deep Purple парфюмерное масло 7 мл, для женщин|1.0; 117050988_649516698|Come inside me Pure Freesia духи PARFUM 7 мл, для женщин|1.0",
137036304_800357788,137036304,Celimax Pore Dark Spot набор по уходу за лицом для женщин,Комплект,,,да,,,3,115318389_248058711|Celimax сыворотка Pore Dark Spot Brightening для лица 30 мл|1.0; 115319464_086974375|Celimax пилинг Pore Dark Spot Brightening Pad 40 шт|1.0; 128198467_373820680|Celimax крем Pore Dark Spot Brightening для лица 35 мл|1.0,
117198995_517375355,117198995,"Come inside me Deep purple / So sweet парфюмерное масло 7 мл, для женщин",Комплект,,,да,,,2,"117199020_894946439|Come inside me Deep Purple парфюмерное масло 7 мл, для женщин|1.0; 117050996_825865498|Come inside me So Sweet духи PARFUM 7 мл, для женщин|1.0",
112052573_849451,112052573,COSRX Hyaluronic Combo набор по уходу за лицом для женщин,Комплект,,,да,,,2,100001289_223128|COSRX крем Hyaluronic Acid Intensive для лица 100 мл|1.0; 100371637|COSRX эссенция Hyaluronic Acid Hydra 100 мл|1.0,
112052640_128003,112052640,COSRX Snail Moisture Combo набор по уходу за лицом для женщин,Комплект,,,да,,,2,100001281_15142052|COSRX эссенция Advanced Snail 96 Mucin Power 100 мл|1.0; 100001268_15142052|COSRX крем Advanced Snail 92 All in one для лица 100 мл|1.0,
121936672_292631276,121936672,Celimax Dual Barrier набор по уходу за лицом унисекс,Комплект,,,да,,,4,108098827_177098493|Celimax тонер Dual Barrier 150 мл|1.0; 105530095_999491975|Celimax Dual Barrier Mild гель-пенка 200 мл|1.0; 108389249_701418087|Celimax крем Dual Barrier Skin Wearable Cream для лица 50 мл|1.0; 109821021_603580793|Celimax сыворотка Dual Barrier Boosting для лица 30 мл|1.0,
112424175_485139601,112424175,Mixterra Псориактив крем 3 шт,Комплект,,,да,,,1,112032777_913753524|Mixterra Сустафри крем 150 мл|3.0,
110166232_518422,110166232,Round Lab Soybean набор по уходу за лицом унисекс,Комплект,,,да,,,3,105264937_076989689|Round Lab крем Soybean Nourishing для лица 80 мл|1.0; 104228736_539395|Round Lab Soybean гидрофильное масло 200 мл|1.0; 105850354_445668|Round Lab тонер Soybean Nourishing 300 мл|1.0,
117243690_976221705,117243690,"Dr. Jart против воспалений и акне, Teatreement для проблемной кожи набор по уходу за лицом для женщин",Комплект,,,да,,,3,100385439_514313|Dr. Jart Ctrl+A Teatreement пенка 120 мл|1.0; 17700908_379737|Dr. Jart тоник Ctrl+A Teatreatment Toner 120 мл|1.0; 100669442_15142052|Dr. Jart крем Ctrl-A Teatreement Moisturizer Hydratant для лица 50 мл|1.0,
153113975_223344889,153113975,Tashe Комплекс для роста волос с розмарином и никотиновой кислотой масло 2 шт по 100 мл,Комплект,,,да,,,2,123880359_336362911|Tashe Rosemary Lush сыворотка 100 мл|1.0; 124456218_855178620|Tashe Rosemary Lush для кожи головы масло 100 мл|1.0,
137748915_307805532,137748915,The Act Набор для ухода за телом крем для рук и крем для тела набор уходовой косметики унисекс,Товар,,,да,,,0,,
113491668_334027,113491668,Dr.Cellio 4 in 1 Bboyan Whitening Set набор по уходу за лицом для женщин,Товар,,,да,,,0,,
113513615_790914,113513615,Dr.Cellio 4 in 1 Fresh Lifting Sanddeuthan набор по уходу за лицом для женщин,Товар,,,да,,,0,,
116786920_608491452,116786920,Dr.Cellio 4 in 1 Ssingssing Fresh набор по уходу за лицом для женщин,Комплект,,,да,,,2,107623827_15142052|Dr.Cellio сыворотка Ssingssing Ampoule Fresh 4 in 1 для лица 50 мл|1.0; 103126757_15142052|CELLIO крем Vita Fresh Ssingssing 4 in1 для лица 70 мл|1.0,
113491657_707115,113491657,Dr.Cellio 4 in 1 Youthful набор по уходу за лицом для женщин,Товар,,,да,,,0,,
116878603_844000938,116878603,Dr.Ceuracle для проблемной кожи против воспалений набор по уходу за лицом для женщин,Комплект,,,да,,,4,101239711_236520|Dr.Ceuracle эссенция Tea Tree Purifine 95 Essence 50 мл|1.0; 101239673_135421|Dr.Ceuracle крем Tea Tree Purifine 80 для лица 50 мл|1.0; 107190811_15142052|Dr.Ceuracle Tea Tree Purifine Duo Set набор по уходу за лицом для женщин|1.0; GIFT_MASK|Подарочная маска|2.0,
105239841_164570137,105239841,Sulwhasoo KoreanLuxe набор по уходу за лицом унисекс,Комплект,,,да,,,2,103884760_15142052|Sulwhasoo Gentle Cleansing пенка 50 мл|1.0; 106641513_957630765|Маска для лица Sulwhasoo ночная Overnight Vitalizing 35 мл|1.0,
115880130_468032,115880130,Farmstay Escargot Noblesse набор по уходу за лицом для женщин,Комплект,,,нет,115880225_115163,,3,17601546_15142052|Farmstay Escargot Noblesse Intensive крем 50 мл|2.0; 100378688_454726|Farmstay пилинг Escargot Noblesse Intensive 180 мл|1.0; 17601990_15142052|Farmstay сыворотка Escargot Noblesse Intensive для лица 250 мл|1.0,
114528100_301930589,114528100,Dr.Ceuracle крем Cica Regen Vegan SPF50 для лица 2 шт по 50 мл,Товар,,,да,,"109745391_832819,109744613_667725",0,,
109677981_478029,109677981,Dr.Ceuracle крем Hyal Reyouth для лица 2 шт по 50 мл,Комплект,,,да,,,1,104602175_375990|Dr.Ceuracle крем Hyal Reyouth Moist SPF50 для лица 50 мл|2.0,
117415013_686535434,117415013,Dr.Ceuracle Beauty box для всех типов кожи набор по уходу за лицом унисекс,Комплект,,,да,,,4,101270564_15142052|Dr.Ceuracle Pro Balance Cleansing Duo Oil and Foam набор по уходу за лицом для женщин|1.0; 104602175_375990|Dr.Ceuracle крем Hyal Reyouth Moist SPF50 для лица 50 мл|1.0; 101712217_15142052|Dr.Ceuracle тонер Cica Regen 92 Toner 120 мл|1.0; 101712096|Dr.Ceuracle Cica Regen 95 Soothing Gel гель для лица 110 мл|1.0,
115412682_888592,115412682,Dr.Ceuracle Beginner Set для проблемной кожи набор по уходу за лицом унисекс,Комплект,,,да,,,3,108527127_971085|Dr.Ceuracle Vegan Kombucha Tea Beginning Set mini набор по уходу за лицом для женщин|1.0; 104602175_375990|Dr.Ceuracle крем Hyal Reyouth Moist SPF50 для лица 50 мл|1.0; 107190811_15142052|Dr.Ceuracle Tea Tree Purifine Duo Set набор по уходу за лицом для женщин|1.0,
112626222_182336133,112626222,Tashe Nutrition набор по уходу за волосами унисекс,Комплект,,,да,,,2,113662475_823484959|Tashe Nutrition шампунь 300 мл|1.0; 114097287_263052925|Tashe Питательный кондиционер для волос с ультра блеском 300 мл|1.0,
115260974_438754,115260974,Dr.Ceuracle Beginner Set набор по уходу за лицом унисекс,Комплект,,,да,,,3,101270564_15142052|Dr.Ceuracle Pro Balance Cleansing Duo Oil and Foam набор по уходу за лицом для женщин|1.0; 108527127_971085|Dr.Ceuracle Vegan Kombucha Tea Beginning Set mini набор по уходу за лицом для женщин|1.0; 104602175_375990|Dr.Ceuracle крем Hyal Reyouth Moist SPF50 для лица 50 мл|1.0,
786853134,116516215,Dr.Ceuracle Beginner Set набор по уходу за лицом унисекс,Комплект,,,да,,,3,101270564_15142052|Dr.Ceuracle Pro Balance Cleansing Duo Oil and Foam набор по уходу за лицом для женщин|1.0; 108527127_971085|Dr.Ceuracle Vegan Kombucha Tea Beginning Set mini набор по уходу за лицом для женщин|1.0; 101810014_15142052|Dr.Ceuracle крем Cica Regen Vegan SPF50 для лица 50 мл|1.0,
115412692_737476,115412692,Dr.Ceuracle Beginner Set Pro Balance набор по уходу за лицом унисекс,Комплект,,,да,,,3,101270564_15142052|Dr.Ceuracle Pro Balance Cleansing Duo Oil and Foam набор по уходу за лицом для женщин|1.0; 100904330_15142052|Dr.Ceuracle тонер Pro Balance Biotics 300 мл|1.0; 100675870_15142052|Dr.Ceuracle крем Pro Balance Biotics Moisturizer для лица 100 мл|1.0,
109745391_832819,109745391,Dr.Ceuracle Cica Regen Vegan Sun Set набор по уходу за лицом унисекс,Комплект,,,нет,114528100_301930589,,1,101810014_15142052|Dr.Ceuracle крем Cica Regen Vegan SPF50 для лица 50 мл|2.0,
109744613_667725,109744613,Dr.Ceuracle Cica Vegan Sun Duo Set SPF50 набор по уходу за лицом для женщин,Комплект,,,нет,114528100_301930589,,1,101810014_15142052|Dr.Ceuracle крем Cica Regen Vegan SPF50 для лица 50 мл|2.0,
115751776_505054,115751776,Dr.Ceuracle Pro Balance набор по уходу за лицом для женщин,Комплект,,,да,,,4,101270564_15142052|Dr.Ceuracle Pro Balance Cleansing Duo Oil and Foam набор по уходу за лицом для женщин|1.0; 100904330_15142052|Dr.Ceuracle тонер Pro Balance Biotics 300 мл|1.0; 100675870_15142052|Dr.Ceuracle крем Pro Balance Biotics Moisturizer для лица 100 мл|1.0; 104602175_375990|Dr.Ceuracle крем Hyal Reyouth Moist SPF50 для лица 50 мл|1.0,
115794763_408156,115794763,"Dr.Ceuracle Pro Balance, Kombucha набор по уходу за лицом для женщин",Комплект,,,да,,,3,101270564_15142052|Dr.Ceuracle Pro Balance Cleansing Duo Oil and Foam набор по уходу за лицом для женщин|1.0; 108527127_971085|Dr.Ceuracle Vegan Kombucha Tea Beginning Set mini набор по уходу за лицом для женщин|1.0; 104602175_375990|Dr.Ceuracle крем Hyal Reyouth Moist SPF50 для лица 50 мл|1.0,
117414872_378339995,117414872,Dr.Ceuracle Set для проблемной и жирной кожи набор по уходу за лицом унисекс,Комплект,,,да,,,4,101270564_15142052|Dr.Ceuracle Pro Balance Cleansing Duo Oil and Foam набор по уходу за лицом для женщин|1.0; 101590335_15142052|Dr.Ceuracle тонер 5α Control Clearing 120 мл|1.0; 120127219|Dr.Ceuracle эмульсия 5α Control Clearing для лица 100 мл|1.0; 104602175_375990|Dr.Ceuracle крем Hyal Reyouth Moist SPF50 для лица 50 мл|1.0,
131455720_893831379,131455720,The Act Lip set набор по уходу за лицом для женщин,Товар,,,да,,,0,,
112880970_217494,112880970,Dr.Ceuracle Vegan Active Berry Limited Edition Set набор по уходу за лицом для женщин,Товар,,,да,,,0,,
114344103_804034449,114344103,Tashe Питание набор по уходу за волосами для женщин,Комплект,,,да,,,3,114096923_165253558|Tashe маска Renovator 500 мл|1.0; 113662475_823484959|Tashe Nutrition шампунь 300 мл|1.0; 114097287_263052925|Tashe Питательный кондиционер для волос с ультра блеском 300 мл|1.0,
115250020_625562029,115250020,Etude House Soon Jung набор по уходу за лицом унисекс,Комплект,,,да,,,3,"103664277_15142052|Etude House тонер Soon Jung Toner 200 мл|1.0; 101214636_15142052|Etude House крем Soon Jung 2x Barrier Intensive для лица, для зоны декольте 60 мл|1.0; 101181138_101405386|Etude Soon Jung pH 5.5 пенка 150 мл|1",
104416288_278003,104416288,JIGOTT носочки для ног Clean & Moisturizing 2 пары,Комплект,,,да,,,1,100526959_252871|JIGOTT носочки для ног Clean & moisturizing 1 пара|2.0,
104416318_628063,104416318,JIGOTT носочки для ног Clean & Moisturizing 3 пары,Комплект,,,да,,,1,100526959_252871|JIGOTT носочки для ног Clean & moisturizing 1 пара|3.0,
104988162_792884,104988162,Маска для лица Farmstay тканевая Aloe 5 шт,Комплект,,,да,,,1,100385113_942879|Маска для лица Farmstay тканевая Aloe 1 шт|5.0,
116126978_826125616,116126978,MEDI-PEEL Aqua Essense набор по уходу за лицом для женщин,Комплект,,,да,,,4,100676566_15142052|MEDI-PEEL эмульсия Aqua Essence Peptide 9 для лица 250 мл|1.0; 100382219_15142052|MEDI-PEEL тонер Aqua Essence Peptide 9 250 мл|1.0; 100106918_15142052|MEDI-PEEL крем Volume Tox Peptide 9 для лица 50 г|1.0; 110725320_450868|MEDI-PEEL Peptide 9 Aqua Essence пенка 150 мл|1.0,
104338160_970515,104338160,Dr.Ceuracle Heroes Special набор по уходу за лицом для женщин,Комплект,,,да,,,5,100904394_15142052|Dr.Ceuracle ампульная сыворотка Royal Vita Propolis 33 Ampoule для лица 30 мл|1.0; 103730776_15142052|Dr.Ceuracle крем Royal Vita Propolis 33 для лица 50 г|1.0; 117820810_164467814|Dr.Ceuracle 5 Alpha Control Clearing пенка 200 мл|1.0; 101239725_207772|Dr.Ceuracle тонер Hyal Reyouth 120 мл|1.0; 101810014_15142052|Dr.Ceuracle крем Cica Regen Vegan SPF50 для лица 50 мл|1.0,
115383635_071264482,115383635,MEDI-PEEL Aqua Essense набор по уходу за лицом унисекс,Комплект,,,да,,,3,110725320_450868|MEDI-PEEL Peptide 9 Aqua Essence пенка 150 мл|1.0; 100676566_15142052|MEDI-PEEL эмульсия Aqua Essence Peptide 9 для лица 250 мл|1.0; 100106918_15142052|MEDI-PEEL крем Volume Tox Peptide 9 для лица 50 г|1.0,
108133840_602264,108133840,MEDI-PEEL Bor-Tox набор по уходу за лицом унисекс,Комплект,,,да,,,3,103893928_15142052|MEDI-PEEL тонер Bor-Tox Peptide 180 мл|1.0; 101743513_15142052|MEDI-PEEL крем Bor-Tox Peptide для лица 50 мл|1.0; 100333824_15142052|MEDI-PEEL сыворотка Bor-Tox Peptide Ampoule для лица 30 мл|1.0,
115072616_745091210,115072616,Ollin Professional Perfect Hair 15 в 1 крем-спрей 2 шт по 250 мл,Комплект,,,да,,,1,100008645_247922|Ollin Professional Perfect Hair 15 в 1 крем-спрей 250 мл|2.0,
113875254_692279348,113875254,Tashe Стимуляция роста набор по уходу за волосами унисекс,Комплект,,,да,,,3,114095685_291701642|Tashe Stimulation шампунь 300 мл|1.0; 114096811_097738397|Tashe маска Serum 500 мл|1.0; 114097230_649308307|Tashe кондиционер Stimulation Увлажняющий кондиционер для волос 300 мл|1.0,
108665217_393964,108665217,Маска для лица Farmstay тканевая Snail Visible Difference Mask Sheet 5 шт,Комплект,,,да,,,1,100554818_117795|Маска для лица Farmstay тканевая Snail 1 шт|5.0,
116988854_329986080,116988854,Ollin Professional Perfect Hair 15 в 1 крем-спрей 3 шт по 250 мл,Комплект,,,да,,,1,100008645_247922|Ollin Professional Perfect Hair 15 в 1 крем-спрей 250 мл|3.0,
116988822_831582405,116988822,Ollin Professional Perfect Hair 15 in 1 крем 5 шт по 250 мл,Комплект,,,да,,,1,100008645_247922|Ollin Professional Perfect Hair 15 в 1 крем-спрей 250 мл|5.0,
116878601_000445918,116878601,Комплект 116878601_000445918,Комплект,,,да,,,5,"104228736_539395|Round Lab Soybean гидрофильное масло 200 мл|1.0; 105850552_882476388|Round Lab скраб Soybean 150 мл|1.0; 105850354_445668|Round Lab тонер Soybean Nourishing 300 мл|1.0; 105264937_076989689|Round Lab крем Soybean Nourishing для лица 80 мл|1.0; 110650724_382893467|Round Lab сыворотка Soybean Nourishing Serum для лица, для зоны декольте 50 мл|1.0",
117210050_572620360,117210050,Round Lab Dokdo 1025 набор по уходу за лицом для женщин,Комплект,,,да,,,2,104060780_162877|Round Lab тонер Birch Juice Moisturizing 300 мл|1.0; 105263684_15142052|Round Lab Birch Juice Moisturizing пенка 150 мл|1.0,
116643914_219022842,116643914,Round Lab Dokdo 1025 набор по уходу за лицом унисекс,Комплект,,,да,,,5,"141361000_454975913|Round Lab тонер 1025 Dokdo 200 мл|1.0; 104279739_15142052|Round Lab 1025 Dokdo гидрофильное масло 200 мл|1.0; 105263927_272540|Round Lab крем Birch Juice Moisturizing SPF50 для лица, для зоны декольте 50 мл|1.0; 105831949_533599386|Round Lab крем Pine Calming Cica для лица 50 мл|1.0; 112620269_433813911|Round Lab Mugwort Calming пенка 150 мл|1",
154504470_355395512,154504470,Dr. Althea 345 Relief набор по уходу за лицом унисекс,Комплект,,,да,,,2,"115616909_499665737|Dr. Althea крем 345 Relief для лица 50 мл|1.0; 146671015_157774836|Крем-мист Dr. Althea 345 Relief Cream Mist для лица: успокаивает и глубоко увлажняет, 60 мл|1.0",
119856112_065205531,119856112,SKIN&LAB сыворотка Vitamin C Brightening для лица 2 шт по 30 мл,Комплект,,,да,,,1,104829563_369534|SKIN&LAB сыворотка Vitamin C Brightening для лица 30 мл|2.0,
116878600_193386843,116878600,Round Lab Dokdo 1025 набор по уходу за лицом для женщин,Комплект,,,да,,,2,104279739_15142052|Round Lab 1025 Dokdo гидрофильное масло 200 мл|1.0; 105850453_997011106|Round Lab 1025 Dokdo пенка 150 мл|1.0,
131118366_083460218,131118366,Skin1004 Madagascar Centella 5 в 1 набор по уходу за лицом для женщин,Комплект,,,да,,,4,104762771_15142052|Skin1004 тонер Madagascar Centella Toning 210 мл|1.0; 109249274_125869|Skin1004 крем Madagascar Centella Cream для лица 75 мл|1.0; 104765457_15142052|Skin1004 ампульная сыворотка Madagascar Centella Ampoule для лица 55 мл|1.0; 116878602_208212180|Skin1004 Двухэтапное Очищение набор по уходу за лицом для женщин|1.0,
100827509_15142052,100827509,Some by Mi AHA-BHA-PHA 30 Days Miracle Starter набор по уходу за лицом для женщин,Товар,,,нет,100308912_15142052,,0,,
100308912_15142052,100308912,Some by Mi AHA-BHA-PHA 30 Days Miracle Starter Edition набор по уходу за лицом для женщин,Товар,,,да,,100827509_15142052,0,,
107384316_174597130,107384316,"Sulwhasoo Oil, Mask набор по уходу за лицом для женщин",Комплект,,,да,,,2,103287184_492390|Sulwhasoo Gentle гидрофильное масло 50 мл|1.0; 106641513_957630765|Маска для лица Sulwhasoo ночная Overnight Vitalizing 35 мл|1.0,
117102232_058847239,117102232,The Ordinary Niacinamide набор по уходу за лицом унисекс,Комплект,,,да,,,2,"100703558_15142052|The Ordinary тоник Glycolic Acid 7% Toning Solution Корея 240 мл|1.0; 100703687_15142052|The Ordinary сыворотка Niacinamide 10%+Zinc 1% для лица, для зоны декольте 30 мл|1.0",
137748789_650445504,137748789,The Act Набор для ухода за телом крем для рук и крем для ног набор уходовой косметики унисекс,Товар,,,да,,,0,,
128851325_171378229,128851325,Umai Beauty Gloss набор по уходу за лицом унисекс,Комплект,,,нет,114689881_559978,,3,112876514_160089|Umai Beauty Queen пенка 150 мл|1.0; 109862485_972804|Umai Beauty крем Bliss Collagen для лица 30 мл|1.0; 108055945_374589|Маска для лица Umai Beauty крем Gloss Mask 150 г|1.0,
117524727_243310155,117524727,Skin1004 Madagascar centella набор по уходу за лицом для женщин,Комплект,,,да,,,5,"104762771_15142052|Skin1004 тонер Madagascar Centella Toning 210 мл|1.0; 109249274_125869|Skin1004 крем Madagascar Centella Cream для лица 75 мл|1.0; 104765457_15142052|Skin1004 ампульная сыворотка Madagascar Centella Ampoule для лица 55 мл|1.0; 105263927_272540|Round Lab крем Birch Juice Moisturizing SPF50 для лица, для зоны декольте 50 мл|1; 116878602_208212180|Skin1004 Двухэтапное Очищение набор по уходу за лицом для женщин|1.0",
115815245_214366155,115815245,Sulwhasoo Gentle набор по уходу за лицом для женщин,Комплект,,,да,,,2,103287184_492390|Sulwhasoo Gentle гидрофильное масло 50 мл|1.0; 103884760_15142052|Sulwhasoo Gentle Cleansing пенка 50 мл|1.0,
130700793_572900272,130700793,Umai Beauty Bliss набор по уходу за лицом для женщин,Комплект,,,нет,114689881_559978,,3,112876514_160089|Umai Beauty Queen пенка 150 мл|1.0; 108055945_374589|Маска для лица Umai Beauty крем Gloss Mask 150 г|1.0; 109862485_972804|Umai Beauty крем Bliss Collagen для лица 30 мл|1.0,
102047515_844898911,102047515,Маска для лица Farmstay тканевая Cucumber 10 шт,Комплект,,,да,,,1,100385135_587207858|Маска для лица Farmstay тканевая Cucumber 1 шт|10.0,
116339217_842305972,116339217,Round Lab Beauty box набор по уходу за лицом унисекс,Комплект,,,да,,,6,"141361000_454975913|Round Lab тонер 1025 Dokdo 200 мл|1.0; 105850453_997011106|Round Lab 1025 Dokdo пенка 150 мл|1.0; 105496785_15142052|Round Lab крем 1025 Dokdo для лица, для зоны декольте 80 мл|1.0; 105850393_892344745|Round Lab сыворотка 1025 Dokdо Ampule для лица 45 г|1.0; 104279739_15142052|Round Lab 1025 Dokdo гидрофильное масло 200 мл|1; GIFT_MASK|Подарочная маска|2.0",
108219156_523612,108219156,"Dr. Jart против воспалений и акне, Teatreement для проблемной кожи набор по уходу за лицом для женщин",Комплект,,,да,,"117243691_136326834,119351095_569770748",4,100385439_514313|Dr. Jart Ctrl+A Teatreement пенка 120 мл|1.0; 17700908_379737|Dr. Jart тоник Ctrl+A Teatreatment Toner 120 мл|1.0; 100669442_15142052|Dr. Jart крем Ctrl-A Teatreement Moisturizer Hydratant для лица 50 мл|1.0; 100171293_504288165|Dr. Jart сыворотка Ctrl+A Teatreatment Soothing Spot для лица 15 мл|1.0,
129083852_559821810,129083852,The Act Virgin набор для тела унисекс,Комплект,,,да,,,2,"104104028_681821|The Act скраб Грейпфрут для ног, для тела 300 г|1.0; 115753221_804610002|The Act Масло для массажа тела парфюмированное virgin масло для тела 300 мл|1.0",
119299764_343767472,119299764,Round Lab Dokdo 1025 набор по уходу за лицом унисекс,Комплект,,,да,,,5,"141361000_454975913|Round Lab тонер 1025 Dokdo 200 мл|1.0; 105263927_272540|Round Lab крем Birch Juice Moisturizing SPF50 для лица, для зоны декольте 50 мл|1.0; 105496785_15142052|Round Lab крем 1025 Dokdo для лица, для зоны декольте 80 мл|1.0; 104279739_15142052|Round Lab 1025 Dokdo гидрофильное масло 200 мл|1.0; 105850453_997011106|Round Lab 1025 Dokdo пенка 150 мл|1.0",
102047688_642546,102047688,Маска для лица Farmstay тканевая Visible Difference Mask Sheet Aloe 10 шт,Комплект,,,да,,,1,100385113_942879|Маска для лица Farmstay тканевая Aloe 1 шт|10.0,
116600958_926601361,116600958,Umai Beauty Queen Gloss Bliss набор по уходу за лицом для женщин,Комплект,,,нет,114689881_559978,,3,112876514_160089|Umai Beauty Queen пенка 150 мл|1.0; 109862485_972804|Umai Beauty крем Bliss Collagen для лица 30 мл|1.0; 108055945_374589|Маска для лица Umai Beauty крем Gloss Mask 150 г|1.0,
117556608_226125555,117556608,Round Lab Dokdo 1025 Birch Juice Moisturizing набор по уходу за лицом для женщин,Комплект,,,да,,,6,104279739_15142052|Round Lab 1025 Dokdo гидрофильное масло 200 мл|1.0; 101506188_597193|Dr. Althea Amino Acid Gentle Bubble Cleanser пенка 140 мл|1.0; 108578963_360995383|Skin1004 тонер Hyalu-Cica Brightening Toner 210 мл|1.0; 104060306_991032|Round Lab сыворотка Birch Juice Moisturizing для лица 50 мл|1.0; 105496795_15142052|Round Lab крем Birch Juice Moisturizing для лица 80 мл|1.0; 106250374_15142052|Round Lab крем Birch Moisture Sun Cushion для лица 15 мл|1.0,
145593904_910903743,145593904,Комплект Anua сыворотка Niacinamide 10% + TXA 4% Serum для лица 30 мл,Товар,8809640734526,8809640734526,нет,118426606_425172488,,0,,
117942762_606189523,117942762,Round Lab Skincare набор по уходу за лицом для женщин,Комплект,,,да,,,2,"105263927_272540|Round Lab крем Birch Juice Moisturizing SPF50 для лица, для зоны декольте 50 мл|1.0; 141361000_454975913|Round Lab тонер 1025 Dokdo 200 мл|1.0",
122243140_331008490,122243140,Bielita-Вiтекс Pink Passion набор для тела для женщин+,Комплект,,,да,,,4,"113572664_572963685|Bielita-Вiтекс Pink Passion крем для тела 190 мл|1.0; 118910146_411206502|Bielita-Вiтекс Pink Passion гель 300 мл|1.0; 113572679_126226312|Bielita-Вiтекс Pink Passion парфюмированный спрей 150 мл, для женщин|1.0; 113564064_378186190|Bielita-Вiтекс скраб Pink Passion для тела 200 мл|1.0",
132206007_746599972,132206007,VOIS маска Total Repair 350 мл,,2037528289974,2037528289974,нет,128870417_597978584,,0,,
156852481_644591008,156852481,Крем AXIS-Y крем Dark Spot Correcting для лица 50 г,,8809634610966,8809634610966,нет,130283297_193628176,,0,,
135466398_464209778,135466398,MEDI-PEEL тонер Интенсивно Увлажняющий тонер для лица Medi Peel Peptide9 250 мл,,8809941820317,8809941820317,нет,116708253_829066376,,0,,
108806409_935919462,108806409,набор кистей Black 15 шт,,,,нет,109450705_627710,,0,,
146423146_934587564,146423146,Сыворотка Axis-y сыворотка для лица для лица 50 мл,,8809634610034,8809634610034,нет,104067981_387214,,0,,
142608514_793195874,142608514,Heimish крем Artless glow base для лица 40 мл,,8809481760463,8809481760463,нет,100486733_544996,,0,,
137636591_401384403,137636591,"Dr.Ceuracle крем SPF 50 PA++++ для лица, для зоны декольте 50 мл",,8806133615966,8806133615966,нет,104602175_375990,,0,,
148476529_557128702,148476529,Сыворотка AXIS-Y Dark для зоны декольте 50 мл,,8809634610034,8809634610034,нет,104067981_387214,,0,,
102476404_15142052,102476404,Cos De BAHA сыворотка Niacinamide 10 для лица 30 мл,,8809240317853,8809240317853,нет,103156512_15142052,,0,,
142469047_789806009,142469047,Skin1004 молочко Солнцезащитное молочко для лица с центеллой и чайным деревом для лица 50 мл,,8809913830610,8809913830610,нет,134518522_187275270,,0,,
151687742_136549888,151687742,ROUND LAB 1025 DOKDO гель-пенка 150 мл,,8809738608364,8809738608364,нет,105850453_997011106,,0,,
108964146_293428,108964146,Тени-спарклы для век блестящие Shik SingleEyeshadow Mimosa,,4631171545470,4631171545470,нет,117205229_765259936,,0,,
100918829_266331411,100918829,Dr. Jart Teatreement Cleansing Foam гель-пенка 120 мл,,8809642712874,8809642712874,нет,100385439_514313,,0,,
135466180_957405110,135466180,Heimish All Clean Balm гидрофильный щербет 120 мл,,8809481760678,8809481760678,нет,100341040_15142052,,0,,
101889125_15142052,101889125,"MEDI-PEEL ампульная сыворотка Volume Bio-Tox Peptide 9 для лица, для зоны декольте 100 мл",,8809941820621,8809941820621,нет,100856457_15142052,,0,,
144920984_917339729,144920984,BERGAMO natural beige BB крем 00 30 г,,8809180015772,8809180015772,нет,103916690_15142052,,0,,
141781570_042646454,141781570,Heimish Очищающий гидрофильный бальзам для лица и снятия макияжа гидрофильный щербет 120 мл,,8809481760678,8809481760678,нет,100341040_15142052,,0,,
135466441_751376544,135466441,MEDI-PEEL тонер Омолаживающий Тоник-лифтинг с ретинолом и коллагеном Medi-Peel 150 мл. 150 мл,,8809409345963,8809409345963,нет,111045865_878295,,0,,
158648216_035284893,158648216,Крем-гель Axis-Y Dark Spot Correcting Glow Cream 50ml для лица 50 мл,,8809634610966,8809634610966,нет,130283297_193628176,,0,,
101125612_548500,101125612,MISSHA Super Aqua Ultra Hyalon пенка 200 мл,,8809643507226,8809643507226,нет,100084262_15142052,,0,,
139751265_581176906,139751265,RoRoBell Bfadation тональный крем 21 тональный крем 21 30 мл,,8809657117862,8809657117862,нет,119866281_990843776,,0,,
139751278_369898392,139751278,RoRoBell Bfadation тональный крем 23 тональный крем 23 30 мл,,8809657117879,8809657117879,нет,120819327_765884418,,0,,
100703287_861377,100703287,By Wishtrend тоник Mandelic Acid 5% Skin Prep Water 30 мл,,8809572890352,8809572890352,нет,100397079_628164,,0,,
119683721_659812003,119683721,Shik спонж капля поролон 1 шт,,,,да,,"100206674_854984,100796464_985941,108226957_242298",0,,
134771808_791942167,134771808,By Wishtrend тонер Mandelic Acid 5% Prep Water 120 мл,,8809572890352,8809572890352,нет,100397079_628164,,0,,
136101629_362306911,136101629,By Wishtrend тонер Мягкий тоник-эксфолиант с миндальной кислотой By Wishtrend Mandelic Acid 5% Prep Water 120 мл,,8809572890352,8809572890352,нет,100397079_628164,,0,,
100794633_15142052,100794633,MISSHA Magic Cushion Cover SPF50 кушон 23 15 г,,,,нет,100384906_15142052,,0,,
142837769_527282001,142837769,Round Lab тонер ROUNDLAB 1025 DOKDO TONER 200ml тонер для лица 200 мл,,8809657114731,8809657114731,нет,104770477_15142052,,0,,
104717838_15142052,104717838,"MEDI-PEEL крем Peptide 9 Volume Tension Tox Pro для лица, для зоны декольте 50 мл",,8809941820430,8809941820430,нет,133723523_100951113,,0,,
143130914_687187233,140724544,Round Lab крем-гель Пенка для умывания Rоand lab для лица 150 мл,,8809738608364,8809738608364,нет,105850453_997011106,,0,,
119675255_719407292,119675255,Catrice Sun Lover Glow пудра-бронзер #010 Sun-kissed Bronze,,,,нет,100964432_682911490,"100964432_682911490,135688371_140767799",0,,
120888518_809554684,120888518,Anua сыворотка Niacinamide 10% + TXA 4% для лица 30 мл,,8809640734526,8809640734526,нет,118426606_425172488,,0,,
133560420_202377087,133560420,BERGAMO Magic Snail SPF50 BB крем Нейтральный 50 мл,,8809180015772,8809180015772,нет,103916690_15142052,,0,,
138780293_056704798,138780293,Anua сыворотка Cыворотка Niacinamide 10 + TXA 4 Serum для лица 30 мл,,8809640734526,8809640734526,нет,118426606_425172488,,0,,
146990268_499756658,146990268,Anua сыворотка Niacinamide 10% + TXA 4% Serum для лица 30 мл,,8809640734526,8809640734526,нет,118426606_425172488,,0,,
136945307_077574475,136945307,Anua сыворотка Anua Niacinamide 10% + TXA 4% Serum Осветляющая сыворотка с транексамовой кислотой для лица 30 мл,,8809640734526,8809640734526,нет,118426606_425172488,,0,,
139490008_235407921,139490008,BERGAMO Magic Snail SPF50 BB крем Бежевый 50 мл,,8809180015772,8809180015772,нет,103916690_15142052,,0,,
149940371_305878939,149940371,Сыворотка Anua Niacinamide 10+TXA 4 Serum для лица 30 мл,,8809640734526,8809640734526,нет,118426606_425172488,,0,,
145321583_709711626,145321583,BERGAMO BB-крем для сияния и лифтинга Bergamo Snail BB крем Бежевый 150 мл,,8809180015772,8809180015772,нет,103916690_15142052,,0,,
167445559_643692032,167445559,Pom7 Smart Hybrid BB крем 23 50 мл,,,,да,,"166630424_756458464,164661576_546039255",0,,
110629719_572002071,110629719,MANYO тонер Bifida Biome Ampoule 210 мл,,,,да,,,0,,
146671015_157774836,146671015,"Крем-мист Dr. Althea 345 Relief Cream Mist для лица: успокаивает и глубоко увлажняет, 60 мл",,,,да,,,0,,154504470_355395512
143448859_756421924,143448859,"Anlee beauty Endless Love парфюмерное масло 7 мл, для женщин",,,,нет,144108453_141937867,,0,,
115011705_246770361,115011705,Sen Sulu Perfect Cover Fit with The Yeon консилер 01 Fair Light,,8682504115095,8682504115095,нет,134446747_804951934,,0,,
130442790_212395447,130442790,MEDI-PEEL тоник Peptide 9 Aqua Essence Toner 250 мл,,8809409344676,8809409344676,нет,100382219_15142052,,0,,
103548757_15142052,103548757,MEDI-PEEL Bor-Tox набор по уходу за лицом для женщин,,8809409347264,8809409347264,нет,101430354_15142052,,0,,
143002363_157980885,143002363,Catrice Melted Sun Cream бронзер 020 Beach Babe,,4059729419248,4059729419248,нет,115036935_529724496,,0,,
156917717_368936846,156917717,DR.PLINUS крем Z CURE Cream Многофункциональный Восстанавливающий Крем для Лица 80мл для лица 80 мл,,8809630420200,8809630420200,нет,144121394_588571566,,0,,
154802375_506466870,154802375,"DR.PLINUS Набор тонер, крем набор по уходу за лицом унисекс",Комплект,,,да,,,2,"144121381_343617840|DR.PLINUS Z Pore Toner 200 мл|1.0; 144121394_588571566|DR.PLINUS крем Z Cure Cream для лица, для области вокруг глаз, для зоны декольте 80 мл|1.0",
105630610_780765,105630610,MISSHA Perfect Cover BB крем 21 20 мл,,8806185793117,8806185793117,нет,17500038_15142052,,0,,
114718714_680782907,114718714,MEDI-PEEL ампульная сыворотка Peptide 9 Volume Bio Tox для лица 100 мл,,8809941820621,8809941820621,нет,100856457_15142052,,0,,
144894724_744731147,144894724,Anlee beauty Endless love парфюмированное масло для интимной гигиены для тела 7 г,,,,нет,144108453_141937867,,0,,
114755093_455815298,114755093,Набор кистей для макияжа 15 шт,,,,нет,109450705_627710,,0,,
121376129_772833223,121376129,Белита-М Pink Passion Магия феромонов спрей для тела 150 мл,,4813406011954,4813406011954,нет,113572679_126226312,,0,,
137800057_970686376,137800057,"Крем-гель Axis-Y крем Dark spot correcting glow cream для лица, для области вокруг глаз, для зоны декольте 50 мл",,8809634610966,8809634610966,нет,130283297_193628176,,0,,
130989427_431186123,130989427,LAGOM крем Cellus Mild Moisture для лица 80 мл,,8809450980038,8809450980038,нет,100676372_15142052,,0,,117210045_985906823
104704919_15142052,104704919,"LAGOM гель Cellus Sun SPF50 для лица, для зоны декольте 40 мл",,8809450981660,8809450981660,нет,116840802_191970522,,0,,
105475971_324474,105475971,MISSHA Perfect Cover BB крем 23 20 мл,,8806185793124,8806185793124,нет,17500039_15142052,,0,,
140637888_432064479,140637888,Пудра Ponds Тайская рассыпчатая Blurring Filler прозрачный,,8851932416320,8851932416320,нет,108758928_264652129,,0,,
154500878_730704459,154500878,DR.PLINUS комплексный набор набор по уходу за лицом унисекс,,,,нет,144140779_482528078,,3,"144121341_704070085|DR.PLINUS Z Acne Cleanser гель-пенка 150 мл|1.0; 144121381_343617840|DR.PLINUS Z Pore Toner 200 мл|1.0; 144121394_588571566|DR.PLINUS крем Z Cure Cream для лица, для области вокруг глаз, для зоны декольте 80 мл|1.0",
111980385_576443339,111980385,MEDI-PEEL Peptide-Tox набор по уходу за лицом для женщин,,8809409347264,8809409347264,нет,101430354_15142052,,0,,
123384684_048449086,123384684,Белита-М Pink Passion спрей для тела 150 мл,,4813406011954,4813406011954,нет,113572679_126226312,,0,,
145066796_635704617,145066796,"AXIS-Y Sunday Morning Refreshing Cleansing Foam, 120 мл пенка 120 мл",,8809634610096,8809634610096,нет,106586703_007525244,,0,,
151220983_731333575,151220983,Tashe Сыворотка ДЛЯ РОСТА ВОЛОС розмарином сыворотка 100 мл,,4812413006700,4812413006700,нет,123880359_336362911,,0,,
132136827_871442029,132136827,MEDI-PEEL крем Peptide 9 Volume Tox Cream PRO для лица 50 г,,8809941820447,8809941820447,нет,100106918_15142052,,0,,
129404956_181763649,129404956,Белита-М Pink Passion крем для тела 190 г,,4813406012104,4813406012104,нет,113572664_572963685,,0,,
100371466_15142052,100371466,Heimish pH 5.5. All Clean Green пенка 30 мл,,8809481760722,8809481760722,нет,100397062_15142052,,0,,
121606401_786928818,121606401,MEDI-PEEL крем Volume Tox PRO 2X для лица 50 мл,,8809941820447,8809941820447,нет,100106918_15142052,,0,,
153606148_507008327,153606148,Tashe Professional многофункциональное средство для ежедневного ухода и защиты волос спрей-термозащита 200 мл,,4812413007080,4812413007080,нет,130053640_882331305,,0,,
117975879_157870937,117975879,"Come inside me Bombshell парфюмерное масло 7 мл, для женщин",,8809783300169,8809783300169,нет,117051002_835328566,,0,,
142354580_234235480,142354580,AXIS-Y Sunday Morning Refreshing Cleansing Foam пенка 120 мл,,8809634610096,8809634610096,нет,106586703_007525244,,0,,
155238819_333629544,155238819,AXIS-Y тонер AXIS-Y Dark Spot Correcting Glow Toner — тонер для сияния и ровного тона кожи (125 мл) 125 мл,,8809634610959,8809634610959,нет,124383398_306345809,,0,,
131616484_100067576,131616484,Маска для лица LAGOM глиняная White Koalin Mud Mask 110 мл,,8809450982179,8809450982179,нет,117966798_636498763,,0,,
115922639_294795,115922639,The Act Coconut Body Care Kit набор для тела для женщин,,4678597499246,4678597499246,нет,128150567_709613014,,0,,
100206674_854984,100206674,Shik спонж капля синтетический ворс 1 шт,,,,нет,119683721_659812003,,0,,
151080580_180336055,151080580,Tashe Спрей-сияние для волос спрей 200 мл,,4812413007080,4812413007080,нет,130053640_882331305,,0,,
142068942_805935246,142068942,AXIS-Y мист Axis-y 125 мл,,8809634610959,8809634610959,нет,124383398_306345809,,0,,
130112492_819532346,130112492,"The Act Набор питательных баттер-суфле, увлажняющий крем для тела набор для тела унисекс",,4678597699998,4678597699998,нет,115064209_291287889,,0,,
100676399_708279,100676399,MANYO Herbgreen гидрофильное масло 200 мл,,8809082391608,8809082391608,нет,107512652_335803787,,0,,
131455745_593642549,131455745,"Medicube микротоковый массажер, аппарат для RF-лифтинга, светотерапия, многофункциональный аппарат",,8809960354732,8809960354732,нет,119724878_745038449,,0,,
131147329_121432979,131147329,"Dr.Ceuracle крем Cica Regen Vegan Sun Gel SPF 50 PA++++ для лица, для зоны декольте 50 мл",,8806133616659,8806133616659,нет,101810014_15142052,,0,,
114725409_769000165,114725409,MEDI-PEEL крем Peptide 9 Volume & Tension Pro Tox для лица 50 мл,,8809941820430,8809941820430,нет,133723523_100951113,,0,,
150540266_691665986,150540266,AXIS-Y тонер Dark Spot Correcting Glow Toner 125 мл,,8809634610959,8809634610959,нет,124383398_306345809,,0,,
149384131_700997843,149384131,AXIS-Y тонер Увлажняющий тонер с эффектом сияния и выравнивания тона кожи 125 мл,,8809634610959,8809634610959,нет,124383398_306345809,,0,,
140818908_105649745,140818908,Сыворотка AXIS-Y сыворотка для лица 50 мл,,8809634610034,8809634610034,нет,104067981_387214,,0,,
141361000_454975913,141361000,Round Lab тонер 1025 Dokdo 200 мл,,8809657114731,8809657114731,нет,104770477_15142052,,0,,"109116519_473452028,117210045_985906823,117620886_708137070,116643914_219022842,116339217_842305972,119299764_343767472,117942762_606189523"
108761598_413050,108761598,Набор кистей Korkem Glow 15шт 15,,,,нет,109450705_627710,,0,,
134393431_730065027,134393431,"Dr.Ceuracle крем Cica Vegan для лица, для зоны декольте 50 мл",,8806133616659,8806133616659,нет,101810014_15142052,,0,,
132143635_943053155,132143635,MEDI-PEEL крем Peptide 9 Vitanol PRO Cream для лица 50 мл,,8809941822236,8809941822236,нет,118535927_686497943,,0,,
110404600_562094,110404600,Dr.Ceuracle Pro Balance Deep Cleansing Duo Set набор по уходу за лицом для женщин,,8806133615560,8806133615560,нет,101270564_15142052,,0,,
134446724_686543266,134446724,Sen Sulu Perfect Cover Fit консилер 02 light beige,,,,да,,115011670_024453095,0,,
108229287_959681782,108229287,Shik спонж капля синтетический ворс 1 шт,,,,нет,106250026_390984,,0,,
140443048_975779759,140443048,Sen Sulu тени Soft sand 03 Soft sand 1 мл,,8682504115198,8682504115198,нет,140943422_656113886,,0,,
161643347_241660000,161643347,AXIS-Y сыворотка AXIS-Y Vegan Collagen — молодость и сияние взгляда для области вокруг глаз 10 мл,,8809634610881,8809634610881,нет,122443334_334921270,,0,,
136201910_605967590,136201910,Tashe Несмываемый IQ-спрей для волос спрей-кондиционер 250 мл,,4812413001170,4812413001170,нет,114096137_045762820,,0,,
149575445_237971878,149575445,"Крем AXIS-Y TXA 2,5 % lntensive Brightening Cream для лица 50 мл",,8809634611178,8809634611178,нет,148331810_223266238,,0,,
133228277_096661453,133228277,Dr.Ceuracle крем Солнцезащитный веганский крем с центеллой Dr.Ceuracle Cica Regen Vegan Sun SPF50+ PA++++ для лица 50 мл,,8806133616659,8806133616659,нет,101810014_15142052,,0,,
111971120_468077947,111971120,Celimax ампульная сыворотка The Real Cica Calming Ampoule для лица 40 мл,,8809743544626,8809743544626,нет,118306092_857327629,,0,,
106887895_275975768,106887895,Маска для лица Umai Beauty крем Gloss Mask 150 мл,,,,нет,108055945_374589,,0,,
105605863_300159207,105605863,Маска для лица LANBENA крем Nose Plants Pore Strips 30 г,,6970470536283,6970470536283,нет,104498634_487082037,,0,,
138780283_940655900,138780283,Medicube микротоковый массажер,,8800256114481,8800256114481,нет,129254003_335174625,,0,,
115011670_024453095,115011670,Sen Sulu Perfect Cover Fit with The Yeon консилер 02 Light Beige,,,,нет,134446724_686543266,,0,,
108226957_242298,108226957,Shik спонж капля синтетический ворс 1 шт,,,,нет,119683721_659812003,,0,,
142370344_585265488,142370344,AXIS-Y тонер Осветляющий тонер-мист 125 мл,,8809634610959,8809634610959,нет,124383398_306345809,,0,,
143535580_326954892,143535580,MEDI-PEEL эмульсия Peptide 9 Aqua Essence Emulsion для лица 150 мл,,8809409344683,8809409344683,нет,100676566_15142052,,0,,
138124803_662711255,138124803,Сыворотка AXIS-Y для области вокруг глаз 10 мл,,8809634610881,8809634610881,нет,122443334_334921270,,0,,
139375628_052108112,139375628,Dr. Althea DrAlthea гидрофильный щербет 50 мл,,,,да,,,0,,
101095614_949091,101095614,MISSHA Super Aqua Ultra Hyalon пенка 100 мл,,,,да,,,0,,
123394923_969448561,123394923,Medicube микротоковый массажер,,8809960354732,8809960354732,нет,119724878_745038449,,0,,
110035018_324990968,110035018,Набор кистей 15 шт,,,,нет,109450705_627710,,0,,
102358101_644900,102358101,Shik спонж капля поролон 1 шт,,,,нет,106250026_390984,,0,,
128012010_407631474,128012010,Маска для лица Umai Beauty крем Gloss 100 мл,,,,нет,108055945_374589,,0,,
161090107_962176477,161090107,AXIS-Y сыворотка AXIS-Y Сыворотка для выравнивания тона кожи 50 мл для лица 50 мл,,8809634610034,8809634610034,нет,104067981_387214,,0,,
137848587_360275359,137848587,"Dr.Ceuracle эссенция Крем солнцезащитный Dr.Ceuracle Hyal Reyouth Moiost Sun SPF50 мл для лица, для зоны декольте 50 мл",,8806133615966,8806133615966,нет,104602175_375990,,0,,
143973062_282782508,143973062,AXIS-Y тонер Dark Spot Correcting 125 мл,,8809634610959,8809634610959,нет,124383398_306345809,,0,,
149586097_517200099,149586097,DR.PLINUS тонер Z Pore Toner 200 мл,,8809630420194,8809630420194,нет,144121381_343617840,,0,,
113124743_728054984,113124743,Tashe состав Lipid Filler 300 мл,,4812413003815,4812413003815,нет,113683041_928138643,,0,,
142929584_480134523,142929584,AXIS-Y мист Axis-Y корректирующий мист 125 мл,,8809634610959,8809634610959,нет,124383398_306345809,,0,,
122083028_805138076,122083028,"Dr.Ceuracle крем Dr.Ceuracle крем Cica Regen Vegan SPF50+ PA++++ для лица 50 мл для лица, для зоны декольте 50 мл",,8806133616659,8806133616659,нет,101810014_15142052,,0,,
121686746_316157121,141944769,Sen Sulu тени прессованные Sen Sulu NEW 2 V2,,,,да,,,0,,
156920244_806054632,156920244,AXIS-Y тонер AXIS-Y Dark Spot Correcting Glow Toner 125 мл,,8809634610959,8809634610959,нет,124383398_306345809,,0,,
101041733_15142052,101041733,MANYO тонер Bifida Biome Ampoule 300 мл,,,,нет,103058738_15142052,,0,,
158532399_218118812,158532399,Сыворотка Сыворотка для лица от пигментации AXIS-Y для лица 50 мл,,8809634610034,8809634610034,нет,104067981_387214,,0,,
122862984_588115133,122862984,AXIS-Y Sunday Morning Refreshing пенка 120 мл,,8809634610096,8809634610096,нет,106586703_007525244,,0,,
135688371_140767799,135688371,Catrice Sun lover бронзер 010,,,,нет,119675255_719407292,,0,,
115739393_942974340,115739393,Pusy флюид-фиксатор для бровей 5 мл,,4660222450111,4660222450111,нет,116777525_583612228,,0,,
149780495_093068369,149780495,Tashe Serum Booster Rosemary Lush сыворотка 100 мл,,4812413006700,4812413006700,нет,123880359_336362911,,0,,
144202916_674440641,144202916,AXIS-Y тонер Dark Spot Correcting Glow Toner 125 мл,,8809634610959,8809634610959,нет,124383398_306345809,,0,,
129078786_389147237,129078786,Celimax ампульная сыворотка Calming Radiance Healthy Skin для лица 30 мл,,8809875907795,8809875907795,нет,104887958_470115074,,0,,
114718800_020025683,114718800,MEDI-PEEL крем Peptide 9 Volume Tox Pro для лица 50 мл,,8809941820447,8809941820447,нет,100106918_15142052,,0,,
161594504_565889942,161594504,AXIS-Y крем Осветляющий крем с транексамовой кислотой AXIS-Y 2.5% для лица 50 мл,,8809634611178,8809634611178,нет,148331810_223266238,,0,,
150506169_172114129,112568813,Round Lab крем 1025 Dokdo Light для лица 80 мл,,,,да,,,0,,
121095252_943338157,121095252,"Come inside me Come inside me Bombshell духи PARFUM 7 мл, унисекс духи PARFUM 7 мл, унисекс",,8809783300169,8809783300169,нет,117051002_835328566,,0,,
145309859_217511372,145309859,AXIS-Y Увлажняющая пенка для умывания AXIS-Y пенка 120 мл,,8809634610096,8809634610096,нет,106586703_007525244,,0,,
156700870_357179842,156700870,"Сыворотка AXIS-Y для лица, для зоны декольте 50 мл",,8809634610034,8809634610034,нет,104067981_387214,,0,,
139155623_388534452,139155623,"Celimax крем Celimax для лица, для зоны декольте 50 мл",,,,нет,113096048_815807602,,0,,
118638255_844059224,118638255,The Act маска Extra для волос 200 мл,Товар,4678597499437,4678597499437,да,,,0,,
158804314_554499284,158804314,Сыворотка AXIS-Y Dark Spot Correcting Glow Serum для лица 50 мл,,8809634610034,8809634610034,нет,104067981_387214,,0,,
152533503_847285658,152533503,"Тушь для ресниц Herra Herra Black Mascara для объема, удлиняющая для объема, удлиняющая, подкручивающая черный",,8809361720532,8809361720532,нет,119641086_394727236,,0,,
133316960_585652071,133316960,"MEDI-PEEL сыворотка Лифтинг-ампула с ретинолом и коллагеном Retinol Collagen Lifting Ampoule для лица, для зоны декольте 50 мл",,8809409340234,8809409340234,нет,110945518_730088,,0,,
147664332_918086088,147664332,BIDALLI сыворотка Vegan Vitamin C+ 5% Niacinamide Serum для лица 50 мл + 16.5 г,,8809443285638,8809443285638,нет,147642977_134484491,,0,,
108926434_177145123,108926434,Dr.Cellio крем 4 in 1 Cheongchun для лица 70 мл,,8809674291002,8809674291002,нет,103126740_15142052,,0,,
149586100_946886910,149586100,DR.PLINUS Z Acne Cleanser пенка 150 мл,,8809630420170,8809630420170,нет,144121341_704070085,,0,,
148667790_555416529,148667790,Пудра Sen Sulu Мини версия V2 рассыпчатая Mini pudra v2 светло-бежевый,,,,да,,,0,,148439623_184708380
153379627_562254666,153379627,Tashe Интенсивное увлажнение и питание кондиционер 300 мл,,4812413000913,4812413000913,нет,114097287_263052925,,0,,
149780541_767492050,149780541,Tashe liquid silk масло 100 мл,,4812413005734,4812413005734,нет,117503489_743066168,,0,,117210245_592454428
130804994_789812773,130804994,EpilProfi крем-воск нейтральный 100 мл,,4603789540444,4603789540444,нет,121584766_159182269,,0,,
108239919_555192,108239919,EpilProfi крем-воск кокос 100 мл,,4603789540444,4603789540444,нет,121584766_159182269,,0,,
151080508_809726478,151080508,Tashe Масло-Термозащита для Волос масло 100 мл,,4812413005734,4812413005734,нет,117503489_743066168,,0,,
153379723_635589525,153379723,Tashe Масло для кончиков волос с термозащитой несмываемое масло 100 мл,,4812413005734,4812413005734,нет,117503489_743066168,,0,,
119488591_792073019,136631515,Loreal Paris Accord Parfait тональный крем 1.N Ivory 30 мл,,3600523826629,3600523826629,нет,100554933_266596,,0,,
161574646_281861403,161574646,RoRoBell BBFA cushion кушон 23 12 г,,8800316299783,8800316299783,нет,161290112_243436373,,0,,
144174580_606880954,144174580,Celimax тонер Noni Toner 150 мл,,8809954940132,8809954940132,нет,104887944_355787292,,0,,
101771468_117611,101771468,Пудра ENOUGH Collagen Hydro Moisture Two Way Cake сухая 13 светло-бежевый,,,,нет,100552263_672916,,0,,
100856589_430012,100856589,Пудра ENOUGH COLLAGEN Hydro Moisture Two Way Cake SPF25 сухая 13 светло-бежевый,,,,нет,100552263_672916,,0,,
121456058_283494836,121456058,Likato Professional крем Крем д/лица LIKATO себорегулирующий против несовершенств с ниацинамидом и цинком для лица 50 мл,,4603784469504,4603784469504,нет,110783567_448532587,,0,,
102808761_392672,102808761,Пудра FFLEUR Two Way Cake сухая №02 TK-12 светло-бежевый,,4712826232928,4712826232928,нет,100729009_583082,,0,,
115781416_115693234,115781416,Clinique гель Dramatically Different Moisturizing для лица 125 мл,,,,нет,100228607_192901817,,0,,
137748793_661955515,119448617,Anua сыворотка Anua Niacinamide 10% + TXA 4% Serum для лица 30 мл,,8809640734526,8809640734526,нет,118426606_425172488,,0,,
122844490_073038706,122844490,Influence Beauty хайлайтер 01 Lunar,,4602006310655,4602006310655,нет,108756341_373972057,,0,,
100375687_580544266,100375687,COSRX крем Aloe Soothing Sun SPF50 для лица 50 мл,,8809416470191,8809416470191,нет,101288571_708400311,,0,,
133316905_128911560,133316905,MEDI-PEEL крем Retinol Collagen Lifting Cream для лица 50 г,,8809941826678,8809941826678,нет,111045099_797955,,0,,
129203668_260642379,129203668,Dr. Jart сыворотка Teatreement Soothing Spot Kit Ctrl-A для лица 15 мл,,8809642712928,8809642712928,нет,100171293_504288165,,0,,
113283988_333633,113283988,The Ordinary сыворотка Niacinamide 10%+Zinc 1% Корея для лица 60 мл,,769915196511,769915196511,нет,102188413_282347,,0,,
101867411_15142052,101867411,CELLIO крем Snail Whitening Sun SPF50 для лица 70 г,,8809632884505,8809632884505,нет,103176694_980136,,0,,
103492429_15142052,103492429,MANYO сыворотка Galac Niacin 2.0 для лица 50 мл,,,,да,,,0,,
136593012_525200318,136593012,The Act манго масло для тела 180 г,,4678599767299,4678599767299,нет,103534675_110557463,,0,,
100371471_15142052,100371471,Heimish All Clean White Clay пенка 30 мл,,8809481760548,8809481760548,нет,100397052_15142052,,0,,
154216057_564653722,154216057,Celimax сыворотка Noni Ampoule Calming+Radiance для лица 50 мл для лица 50 мл,,,,да,,,2,123697126_091060806|Celimax сыворотка Noni Ampoule Calming Radiance для лица 50 мл|1.0; GIFT_MASK|Подарочная маска|1.0,
100678265_159955,100678265,Пудра MISSHA Magic Cushion Cover Lasting кушон кремовая №21 бежевый,,8809747960903,8809747960903,нет,17500210_15142052,,0,,
106777591_15142052,106777591,COSRX Salicylic Acid Daily Gentle пенка 50 мл,,8809416471112,8809416471112,нет,100291143_15142052,,0,,
109653086_048764949,109653086,JMsolution крем Солнцезащитный Glow Luminous Flower SPF50 для лица 180 мл,,8809505542204,8809505542204,нет,104360379_203595,,0,,
100349481_717880,100349481,JMsolution Glow Luminous Flower SPF50 эмульсия для тела 180 мл,,8809505542204,8809505542204,нет,104360379_203595,,0,,
136159168_115707901,136159168,Tashe Strength & Growth Шампунь /Сила и рост шампунь 300 мл,,4812413000937,4812413000937,нет,114095685_291701642,,0,,
109559494_971298,109559494,Likato Professional Vitamin C энзимная пудра 120 мл,,4603784468705,4603784468705,нет,121458370_443880297,,0,,
130790714_083247531,130790714,The Act тоник Face Toner 200 мл,,4678599767619,4678599767619,нет,115064216_890965,,0,,
140512313_342708429,140512313,Likato Professional с витамином С для очищения чувствительной кожи и уменьшения следов постакне энзимная пудра 120 г,,4603784468705,4603784468705,нет,121458370_443880297,,0,,
120647319_230624601,120647319,"Beauty of Joseon крем Beauty of Joseon для лица, для зоны декольте 10 мл",,8809782555508,8809782555508,нет,105587876_15142052,,0,,
103534481_15142052,103534481,Etude House тонер Soon Jung Toner 180 мл,,8809668021509,8809668021509,нет,103664277_15142052,,0,,
101180928_908219,101180928,MANYO пилинг Pure Aqua 120 мл,,8809730951468,8809730951468,нет,105775437_786827,,0,,
100498808_15142052,100498808,Etude House тонер Soon Jung PH 5.5 Relief 180 мл,,8809668021509,8809668021509,нет,103664277_15142052,,0,,
114520268_362343015,114520268,Tashe Acid Peeling пилинг для кожи головы 100 мл,,4812413001323,4812413001323,нет,113683008_508165435,,0,,
140637887_358042850,140637887,Пудра Ponds Perfect Radiance рассыпчатая BB светло-бежевый,,8851932301572,8851932301572,нет,112345395_428841316,,0,,
117865886_958247202,117865886,Dr. Jart Dermaclear Micro pH Foam пенка 120 мл,,8809933611657,8809933611657,нет,21900269_411826,,0,,
100541742_262797,100541742,Тушь для ресниц Loreal Paris Feline для объема черный,,,,нет,100541514_167716,,0,,
105202775_224623,105202775,Dr. Jart Dermaclear Micro pH Balancing Neutre пенка 30 мл,,8809933611657,8809933611657,нет,21900269_411826,,0,,
151221286_195938888,151221286,Anua крем PDRN Hyaluronic Acid 100 Moisturizing Cream для лица 50 мл,,8809640738135,8809640738135,нет,142678365_583846962,,0,,
161574593_135154316,161574593,RoRoBell BBFA cushion кушон 21 12 г,,8800316299776,8800316299776,нет,161289866_518247841,,0,,
133867998_896123489,133867998,"Маска для лица LAGOM крем, глиняная White Kaolin Mud Mask 110 мл",,8809450982179,8809450982179,нет,117966798_636498763,,0,,
217710861,116882002,1Kids Йода-Line Детская каша 4 шт 280 мл,,,,да,,,1,505548447|1Kids Йода-Line Детская каша 1 шт 280 мл|4.0,
130743339_506390104,130743339,ANGIOPHARM тоник Active Tonic 50 мл,,,,нет,117280127_117632573,,0,,
113308371_170251819,113308371,The Ordinary тоник Glycolic Acid 7% Exfoliating Toner 240 мл,,,,нет,100703558_15142052,,0,,
115704148_640710992,115704148,The Ordinary тоник Glycolic Acid 7% Exfoliating 100 мл,,,,нет,100703558_15142052,,0,,
151135664_820199433,151135664,Tashe Пилинг скраб для кожи головы против перхоти для роста волос глубокое очищение спрей 100 мл,,4812413001323,4812413001323,нет,113683008_508165435,,0,,
153379641_594844173,153379641,Tashe Пилинг скраб для кожи головы против перхоти пилинг для кожи головы 100 мл,,4812413001323,4812413001323,нет,113683008_508165435,,0,,
103306692_15142052,103306692,Etude House тонер Soon Jung PH 5.5 Relief 200 мл,,8809668021509,8809668021509,нет,103664277_15142052,,0,,
123697126_091060806,123697126,Celimax сыворотка Noni Ampoule Calming Radiance для лица 50 мл,,,,да,,,0,,154216057_564653722
101475134_375495,101475134,Compliment Naturalis с перцем Активатор роста маска 500 мл,,,,нет,100319701_439766,,0,,
38200099_283487943,38200099,Milani Cosmetics Baked blush румяна Petal Primavera,,,,нет,38200119_652620794,,0,,
101475137_760469,101475137,Compliment Разогревающая с перцем маска 500 мл,,,,нет,100319701_439766,,0,,
117075406_878702568,117075406,"Come inside me Solid Perfume Type 62 духи PARFUM 40 мл, для женщин",,8809783300022,8809783300022,нет,116878555_437052062,,0,,
117104559_979996275,117104559,"Come inside me 89 духи PARFUM 40 мл, для женщин",,8809783300015,8809783300015,нет,116906534_251098171,,0,,
103993718_920302422,103993718,The Act экспресс-восстановления волос масло 50 мл,,4678597499277,4678597499277,нет,118600430_433367385,,0,,130805035_091214024
100154434_140675,100154434,Topface тени прессованные Pro Palette 016,,,,нет,100171857_458752,,0,,
108812565_413956,108812565,"Тушь для ресниц Maybelline New York Lash Sensational Intense для объема, подкручивающая черный",,,,нет,17400288_395670,,0,,
117416303_107069591,117416303,Tashe Relax Mind шампунь 1000 мл,,4812413004386,4812413004386,нет,136275595_865956860,,0,,
110667619_847346,110667619,"Dr.Ceuracle крем Tea Tree Purifine Green Up Sun SPF50+ PA++++ для лица, для зоны декольте 50 мл",,8806133615676,8806133615676,нет,104602180_15142052,,0,,
103521882_15142052,103521882,LAGOM тонер Cellus Mist 150 мл,,,,нет,100985502_15142052,,0,,
109810285_469168,109810285,Тушь для ресниц Heimish Dailism Smudge Stop Mascara Curling подкручивающая черный,,8809481760524,8809481760524,нет,100469921_200209,,0,,
144138060_372558978,144138060,VOIS Энзимная пудра для умывания и очищения с папаином и витамином C энзимная пудра 150 г,,2037346541551,2037346541551,нет,135895857_508888719,,0,,
114313509_099067985,114313509,Tarte Radiant консилер 12B fair beige,,,,нет,103348921_182145,,0,,
116051564_629200141,116051564,VOIS Papaya энзимная пудра 75 г,,2037346541551,2037346541551,нет,135895857_508888719,,0,,
103124512_139414,103124512,Dr. Jart крем Teatreement Moisturizer для лица 50 мл,,8809642712881,8809642712881,нет,100669442_15142052,,0,,
145913078_901448087,145913078,Celimax тонер-пэды Пэды для лица осветляющие 175 мл,,8809743547467,8809743547467,нет,145162574_361951602,,0,,
144117967_763752889,144117967,"VOIS маска Маска для роста волос с кератином и экстрактом имбиря, профессиональная восстанавливающая для укрепления волос, активатор роста 350 мл",,2037528289974,2037528289974,нет,130415139_150497191,,0,,
111250090_693263794,111250090,BABOR тонер Soothing Rose 200 мл,,,,нет,17700671_164332880,,0,,
136581871_444063777,136581871,"VOIS маска vois Маска для волос, 350 мл 100 мл",,2037528289974,2037528289974,нет,130415139_150497191,,0,,
137219956_157967078,137219956,VOIS маска Pro Growth 350 мл,,2037528289974,2037528289974,нет,130415139_150497191,,0,,
145924409_442390856,145924409,K-SECRET крем Seoul 1988 Eye Cream для области вокруг глаз 30 мл,,8809695240577,8809695240577,нет,138971811_531072210,,0,,
112418404_729320642,112418404,BABOR крем Skinovage Vitalizing для лица 50 мл,,,,да,,,0,,
103033575_505523,103033575,Пудра Gabrini Matte Powder сухая №02 бежевый,,,,нет,106936342_150122,,0,,
137219984_602041096,137219984,VOIS маска Total Repair 350 мл,,2037528289974,2037528289974,нет,128870417_597978584,,0,,
108993653_158584,108993653,Pretty Skin крем Super Aqua SPF50 для лица 70 мл,,,,нет,109821020_306864,,0,,
136878086_860529393,136878086,"Патчи Celimax тканевые Ji Woo BHA Peeling Pad, освежающие 60 шт",,8809463992615,8809463992615,нет,108133174_324271712,,0,,
111462231_232810504,111462231,MIXIT скраб Spa Rituals Coconut для тела 300 г,,4630194642890,4630194642890,нет,117411541_769597618,,0,,
115794793_184243,115794793,"Dr.Ceuracle Pro Balance, Green Tea набор по уходу за лицом для женщин",,,,да,,,4,100904330_15142052|Dr.Ceuracle тонер Pro Balance Biotics 300 мл|1.0; 101270564_15142052|Dr.Ceuracle Pro Balance Cleansing Duo Oil and Foam набор по уходу за лицом для женщин|1.0; 100675870_15142052|Dr.Ceuracle крем Pro Balance Biotics Moisturizer для лица 100 мл|1.0; GIFT_MASK|Подарочная маска|10.0,
137179904_418521764,137179904,Пудра Ponds BB крем с ниацинамидом рассыпчатая Perfect radiance полупрозрачный,,8851932301572,8851932301572,нет,112345395_428841316,,0,,
137636768_864877008,137636768,Тушь для ресниц Loreal Paris Telescopic 8 мл набор 2 шт удлиняющая черный,,,,да,,,1,"17400312_480647|Тушь для ресниц Loreal Paris Telescopic Explosion для объема, удлиняющая черный|2.0",
142271294_008057236,142271294,Пудра Ponds Translucent Powder рассыпчатая Blurring Filter полупрозрачный,,,,да,,,0,,
100113990_815268,100113990,Art-Visage гель Fix Care Прозрачный,,,,нет,102853748_121872,,0,,
106918658_180134,106918658,Tarte Ultra Creamy консилер 12B Fair Beige,,,,нет,103348921_182145,,0,,
114749355_078313995,114749355,Tarte Ultra Creamy консилер 12S Fair,,,,да,,,0,,
109466452_782353860,109466452,ZOEVA набор кистей для макияжа 15 шт,,,,нет,110551230_197594031,,0,,
108419836_15142052,108419836,Etude House ложка уно для лица 1 шт,,,,нет,101609107_15142052,,0,,
104244012_15142052,104244012,COSRX Low pH Good Morning гель 50 мл,,8809416470511,8809416470511,нет,100375636_15142052,,0,,
120337811_755200631,120337811,Bielita-Вiтекс Pink Passion Магия феромонов крем для рук 190 г,,,,да,,,0,,
109063464_712172472,109063464,Likato Professional с витамином С пенка 150 мл,,,,да,,,0,,
112641036_427815219,112641036,ART SOFFIO карандаш Masters Sky Blue DCS-008B Black-Brown,,,,нет,101687645_308692,,0,,
121029519_243533418,121029519,Influence Universum Stick 3 in 1 корректор 4,,4602006330134,4602006330134,нет,108756493_727104361,,0,,
109651544_927685,109651544,Topface тени прессованные PT501 015,,,,нет,102591177_831118,,0,,
120061988_690520151,120061988,"Tocobo крем Матирующий спф стик для лица для лица, для области вокруг глаз, для зоны декольте 19 г",,8809835060041,8809835060041,нет,108179415_638913,,0,,
105617466_459200,105617466,ZOEVA набор кистей Rose Golden 15 шт,,,,нет,110551230_197594031,,0,,
100551672_15142052,100551672,Etude House Baking Powder Pore пенка 150 мл,,,,нет,100341013_15142052,,0,,
100171860_220720,100171860,Topface тени прессованные Pro Palette 014 KTL,,,,нет,100154429_539052,,0,,
103379453_15142052,103379453,MEDI-PEEL эссенция Peptide 9 White Cica 100 мл,,,,нет,100476954_15142052,,0,,
138199024_646518276,138199024,Celimax тонер-пэды Celimax Ji Woo Gae Heartleaf BHA Peeling Pad 125 мл,,8809463992615,8809463992615,нет,108133174_324271712,,0,,
108941121_641602476,108941121,ZOEVA набор кистей для макияжа 15 шт,,,,нет,110551230_197594031,,0,,
104790655_903521,104790655,ZOEVA Rose Golden набор кистей 15 шт,,,,нет,110551230_197594031,,0,,
115306392_195857874,115306392,Набор кистей для макияжа 15 шт,,,,нет,109450705_627710,,0,,
108454217_769353,108454217,Isntree крем Hyaluronic Acid Airy Sun SPF50 для лица 22 г,,,,да,,,0,,
101830423_668796,101830423,Патчи Farmstay коллагеновые Collagen Water Full от отеков 60 шт,,,,нет,100306796_775544,,0,,
107190811_15142052,107190811,Dr.Ceuracle Tea Tree Purifine Duo Set набор по уходу за лицом для женщин,,,,нет,102019852_15142052,,0,,"115841551_203520,116878603_844000938,115412682_888592"
109969866_121392,109969866,MISSHA Magic Cushion Moisture кушон 21 15 мл,,8806185765015,8806185765015,нет,102706437_15142052,,0,,
103910265_405223,103910265,Farmstay Hyaluronic Acid набор по уходу за лицом унисекс,,,,нет,100360008_891628,,0,,
107499631_240129006,107499631,Точилка ART SOFFIO одинарная 1 шт,,,,да,,,0,,
107499632_951802281,107499632,Точилка ART SOFFIO одинарная 1 шт,,,,да,,,0,,
107499630_158144470,107499630,Точилка ART SOFFIO одинарная 1 шт,,,,да,,,0,,
106167554_656585217,106167554,Abib стик Quick SunStick для лица 22 г,,,,нет,112846054_328267580,,0,,
112901028_283524314,112901028,HELDI Full Density набор по уходу за волосами для женщин,,,,нет,112900974_401002726,,0,,
112838567_469106247,112838567,"Vichy DERCOS Интенсивный шампунь-уход против перхоти для нормальных и жирных волос, 200 мл",,,,нет,100367680_971110142,,0,,
114318265_348621631,114318265,BABOR Cleansing Routine набор по уходу за лицом для женщин,,,,да,,,0,,
108680270_991537,108680270,COSRX тонер AHA BHA Clarifying Treatment 100 мл,,8809416470030,8809416470030,нет,100379050_15142052,,0,,
118627982_816922513,118627982,D'Alba сыворотка White Truffle Royal Intensive для лица 60 мл,,,,нет,119751432_251519499,,0,,
103183663_15142052,103183663,MEDI-PEEL Glutathione 600 набор по уходу за лицом для женщин,,,,нет,101431244_15142052,,0,,
105035303_15142052,105035303,"Dr.Ceuracle сыворотка для лица, для области вокруг глаз, для зоны декольте, для шеи 50 мл",,,,нет,105035796_15142052,,0,,
101712096,101712096,Dr.Ceuracle Cica Regen 95 Soothing Gel гель для лица 110 мл,Товар,,,да,,,0,,117415013_686535434
100697657_342039742,100697657,LANEIGE маска Lip Sleeping Berry 3 г,,,,да,,,0,,
105122068_642168822,105122068,"Cos De BAHA сыворотка VM Vitamin C MSM Serum для лица, для зоны декольте 30 мл",,,,нет,102960120_795713,,0,,
142743580_422383647,142743580,Sen Sulu Kiss Sculpt карандаш 05 rosy sand,,,,да,,,0,,
155504799_481518461,155504799,Sen Sulu Contour Stick корректор 03 Light shade,,,,да,,,0,,
101636152_908771842,101636152,ART SOFFIO карандаш Brow Sculpt 104 Пепельно коричневый,,,,да,,,0,,
21900471_985622671,21900471,"La Roche-Posay EFFACLAR Гель очищающий пенящийся для чувствительной жирной кожи лица и тела, 200 мл",,,,да,,,0,,
101823945_977433744,101823945,ENOUGH крем Collagen Whitening Moisture Sun Cream 3 in 1 SPF50 PA+++ для лица 50 мл,,,,да,,,0,,
100825292_365648882,100825292,Lumene Blur тональный крем 0 Light Ivory 30 мл,,,,да,,,0,,
100349463_626428677,100349463,Farmstay крем Crocodile Oil Cream для лица 70 мл,,,,да,,,0,,
112132226_950158654,112132226,Deoproce гель Centella Sun Gel SPF 50 PA+++ для лица 50 мл,,,,да,,,0,,
100385280_973803903,100385280,Farmstay тонер Pome Granate 350 мл,,,,да,,,0,,
100513484_158162747,100513484,Deoproce крем UV Defence Sun Protector SPF50 для лица 70 мл,,,,да,,,0,,
100674896,100674896,Маска для лица Dr. Jart тканевая Soothing hydra Solution 1 шт,Товар,,,да,,,0,,GIFT_MASK
100675877,100675877,Dr. Jart крем Ceramidin для лица 50 мл,Товар,,,да,,,0,,108219279_262980
122093158,122093158,Маска для лица Dr. Jart тканевая Ceramidin Skin Barrier Moisturizing Face Mask 5 шт,Товар,,,да,,,0,,108219279_262980
105126288,105126288,LAGOM сыворотка Cellus Aqualane Solution для лица 50 мл,Товар,,,да,,,0,,110227980_542094
105257944,105257944,Маска для лица Skin1004 тканевая Madagascar Centella Watergel Sheet Ampoule 1 шт,Товар,,,да,,,0,,GIFT_MASK
107927806,107927806,"Кварцевый роллер, скребок гуаша кварц",Товар,,,да,,,0,,"117446177_502605073,117446022_343862582"
120127219,120127219,Dr.Ceuracle эмульсия 5α Control Clearing для лица 100 мл,Товар,,,да,,,0,,117414872_378339995
100385469,100385469,Маска для лица Farmstay тканевая Real Mango 1 шт,Товар,,,да,,,0,,GIFT_MASK
101604143,101604143,Маска для лица Farmstay тканевая Real Manuka Honey Essence 1 шт,Товар,,,да,,,0,,GIFT_MASK
110347981,110347981,Маска для лица JMsolution тканевая Disney Collection Barrier Cica Mask 1 шт,Товар,,,да,,,0,,GIFT_MASK
108621619,108621619,Маска для лица JIGOTT тканевая Green Tea Real Ampoule 1 шт,Товар,,,да,,,0,,GIFT_MASK
145161894,145161894,Воск пленочный ITALWAX Азулен картридж плотность плотная в картридже 100 г,Товар,,,да,,,0,,116768471_008857175
130828082_711406574,130828082,The Act Вкусное Комбо набор для тела унисекс,,,,да,,,2,103534675_110557463|The Act Манго крем-баттер для тела 180 мл|1.0; 117134843_088251627|The Act Virgin молочко для тела 300 мл|1.0,
151080573_653930442,151080573,Tashe Спрей для волос термозащита и увлажнение набор спрей 2 шт по 250 мл,,,,да,,,2,113682978_938370583|Tashe Intense Hydration спрей 250 мл|1.0; 114096137_045762820|Tashe Leave-in IQ спрей-концентрат 250 мл|1.0,
116237542_787254257,116237542,Shik Perfect Contour набор декоративной косметики для женщин,,,,да,,,2,"102556845_851563|Shik Perfect Liquid Contour скульптор 01|1.0; 101984876_982738|Кремовые румяна 3в1: для лица, век и губ Shik Perfect Liquid Blush 01|1.0",
117243693_345581291,117243693,Skin1004 Madagascar Centella Poremizing набор по уходу за лицом для женщин,,,,да,,,4,106350389_15142052|Skin1004 тонер Madagascar Centella Poremizing Clear 210 мл|1.0; 106350389_15142052|Skin1004 тонер Madagascar Centella Poremizing Clear 210 мл|1.0; 108133152_503581098|Skin1004 Madagascar Centella Poremizing Deep пенка 125 мл|1.0; 107649314_838961935|Skin1004 крем Madagascar Centella Poremizin Light Gel Cream для лица 75 мл|1.0,
144140779_482528078,144140779,DR.PLINUS Z Cure Acne набор по уходу за лицом унисекс,,,,да,,154500878_730704459,3,"144121341_704070085|DR.PLINUS Z Acne Cleanser гель-пенка 150 мл|1.0; 144121381_343617840|DR.PLINUS Z Pore Toner 200 мл|1.0; 144121394_588571566|DR.PLINUS крем Z Cure Cream для лица, для области вокруг глаз, для зоны декольте 80 мл|1.0",
135318977_583644155,135318977,"Medicube микротоковый массажер, аппарат для RF-лифтинга",,,,да,,,2,"132130986_154248708|Medicube крем-гель Medicube Collagen Jelly Cream для лица, для зоны декольте 50 мл|1.0; 132136547_852721777|Medicube сыворотка Medicube Triple Collagen Serum для лица, для зоны декольте 55 мл|1.0",
117040093_503664821,117040093,Skin1004 Madagascar Centella Probio-Cica набор по уходу за лицом для женщин,,,,да,,,2,109664572_306316|Skin1004 тонер Probio-Cica Essense 210 мл|1.0; 109719050_598354|Skin1004 крем Probio Cica Enrich для лица 50 мл|1.0,
109089132_416810544,109089132,Skin1004 Brightening 4 в 1 набор по уходу за лицом для женщин,,,,да,,,4,130029258_604570777|Skin1004 сыворотка Madagascar Centella Tone Brightening для лица 50 мл|1.0; 104951688_15142052|Skin1004 Madagascar Centella Tone Brightening гель-пенка 125 мл|1.0; 106500145_15142052|Skin1004 крем Madagascar Centella Tone Brightening Capsule для лица 75 мл|1.0; 104951809_975250|Skin1004 тонер Tone Brightening Boosting Toner 210 мл|1.0,
117337754_020231243,117337754,Tashe Peeling Effect набор по уходу за волосами для женщин,,,,да,,,2,113683008_508165435|Tashe Home Scalp Care пилинг для кожи головы 100 мл|1.0; 114500076_819499148|Tashe Peeling Еffect шампунь 300 мл|1.0,
GIFT_MASK,GIFT,Подарочная маска,Комплект,,,да,,,21,"100552565_144438137|Маска для лица EKEL тканевая Vitamin Ultra Hydrating 1 шт|1.0; 100554818_117795|Маска для лица Farmstay тканевая Snail 1 шт|1.0; 100385135_587207858|Маска для лица Farmstay тканевая Cucumber 1 шт|1.0; 114465032_486194|Маска для лица Anua тканевая Birch Moisture Mask 1 шт|1.0; 102412510_852027416|Маска для лица EKEL тканевая Aronia 1 шт|1.0; 117191406_975992800|Маска для лица Round Lab тканевая Soybean Panthenol 1 шт|1.0; 114465306_241364|Маска для лица Anua тканевая Heartleaf 77 Soothing Mask 1 шт|1.0; 103102354_099110922|Маска для лица EKEL тканевая Pearl Ultra Hydrating Mask 1 шт|1.0; 105257937_196152557|Round Lab тканевая 1025 Dokdo Water Gel 1 шт|1.0; 101095500_299633|Dr. Jart тканевая Vital Hydra Solution 1 шт|1.0; 101076161_986171|Маска для лица Farmstay тканевая Collagen 1 шт|1.0; 19600287_596448|Purederm кислородная, тканевая Deep Purifying Black O2 Bubble Volcanic 1 шт|1.0; 100012922_802896927|Маска для лица EKEL тканевая Aloe Ultra Hydrating 1 шт|1.0; 100147113_906657250|EKEL тканевая Snake 1 шт|1.0; 100385113_942879|Маска для лица Farmstay тканевая Aloe 1 шт|1.0; 100674896|Маска для лица Dr. Jart тканевая Soothing hydra Solution 1 шт|1.0; 105257944|Маска для лица Skin1004 тканевая Madagascar Centella Watergel Sheet Ampoule 1 шт|1.0; 100385469|Маска для лица Farmstay тканевая Real Mango 1 шт|1.0; 101604143|Маска для лица Farmstay тканевая Real Manuka Honey Essence 1 шт|1.0; 110347981|Маска для лица JMsolution тканевая Disney Collection Barrier Cica Mask 1 шт|1.0; 108621619|Маска для лица JIGOTT тканевая Green Tea Real Ampoule 1 шт|1.0","109089122_15142052,109127840_426611,103642734_259014880,115841551_203520,108057645_860690212,105604165_420100608,115677322_604449,115260869_571140,115677341_274498,116878603_844000938,116339217_842305972,154216057_564653722,115794793_184243"
149622373_877229418,149622373,Celimax тонер-пэды Noni calming 160 мл,Товар,,,да,,,0,,
21900212_485044192,21900212,Bioderma Sensibio H2O мицеллярная вода 500 мл,Товар,,,да,,,0,,
100371637,100371637,COSRX эссенция Hyaluronic Acid Hydra 100 мл,Товар,,,да,,,0,,112052573_849451
152263372_817951557,152263372,AXIS-Y сыворотка «Осветляющая сыворотка с ниацинамидом +пробник в подарок» для лица 50 мл,,8809634610034,8809634610034,нет,104067981_387214,,0,,
